[{"model": "admin.logentry", "pk": 1, "fields": {"action_time": "2021-09-10T14:44:51.643Z", "user": 1, "content_type": 8, "object_id": "1", "object_repr": "a.malone1289@gmail.com", "action_flag": 1, "change_message": "[{\"added\": {}}]"}}, {"model": "admin.logentry", "pk": 2, "fields": {"action_time": "2021-09-10T14:49:29.983Z", "user": 1, "content_type": 14, "object_id": "7", "object_repr": "KET", "action_flag": 2, "change_message": "[{\"changed\": {\"fields\": [\"Image\"]}}]"}}, {"model": "admin.logentry", "pk": 3, "fields": {"action_time": "2021-09-10T14:49:57.359Z", "user": 1, "content_type": 14, "object_id": "8", "object_repr": "PET", "action_flag": 2, "change_message": "[{\"changed\": {\"fields\": [\"Image\"]}}]"}}, {"model": "admin.logentry", "pk": 4, "fields": {"action_time": "2021-09-10T14:50:21.139Z", "user": 1, "content_type": 14, "object_id": "9", "object_repr": "FCE", "action_flag": 2, "change_message": "[{\"changed\": {\"fields\": [\"Image\"]}}]"}}, {"model": "admin.logentry", "pk": 5, "fields": {"action_time": "2021-09-10T14:50:37.877Z", "user": 1, "content_type": 14, "object_id": "10", "object_repr": "CAE", "action_flag": 2, "change_message": "[{\"changed\": {\"fields\": [\"Image\"]}}]"}}, {"model": "admin.logentry", "pk": 6, "fields": {"action_time": "2021-09-10T14:50:59.449Z", "user": 1, "content_type": 14, "object_id": "11", "object_repr": "CPE", "action_flag": 2, "change_message": "[{\"changed\": {\"fields\": [\"Image\"]}}]"}}, {"model": "admin.logentry", "pk": 7, "fields": {"action_time": "2021-09-26T12:50:17.032Z", "user": 1, "content_type": 4, "object_id": "1", "object_repr": "AideenM12", "action_flag": 2, "change_message": "[{\"changed\": {\"fields\": [\"First name\", \"Last name\"]}}]"}}, {"model": "admin.logentry", "pk": 8, "fields": {"action_time": "2021-09-26T12:50:38.345Z", "user": 1, "content_type": 16, "object_id": "11", "object_repr": "B19F9E6722754CD1B918A9AC34321CCB", "action_flag": 3, "change_message": ""}}, {"model": "admin.logentry", "pk": 9, "fields": {"action_time": "2021-09-26T12:50:38.402Z", "user": 1, "content_type": 16, "object_id": "10", "object_repr": "E53BC1AF2380460F8A90F8919CE923E0", "action_flag": 3, "change_message": ""}}, {"model": "admin.logentry", "pk": 10, "fields": {"action_time": "2021-09-26T12:50:38.427Z", "user": 1, "content_type": 16, "object_id": "9", "object_repr": "C5A06710A5984D2EAED14EC74287093E", "action_flag": 3, "change_message": ""}}, {"model": "admin.logentry", "pk": 11, "fields": {"action_time": "2021-09-26T12:50:38.453Z", "user": 1, "content_type": 16, "object_id": "8", "object_repr": "AC381CDB0F7C403F9189953BAA146584", "action_flag": 3, "change_message": ""}}, {"model": "admin.logentry", "pk": 12, "fields": {"action_time": "2021-09-26T12:50:38.478Z", "user": 1, "content_type": 16, "object_id": "7", "object_repr": "E6D2CC74F9334C83B3EB9484478BF8B5", "action_flag": 3, "change_message": ""}}, {"model": "admin.logentry", "pk": 13, "fields": {"action_time": "2021-09-26T12:50:38.503Z", "user": 1, "content_type": 16, "object_id": "6", "object_repr": "4E17D1C1960642EE8545494EF1337201", "action_flag": 3, "change_message": ""}}, {"model": "admin.logentry", "pk": 14, "fields": {"action_time": "2021-09-26T12:50:38.527Z", "user": 1, "content_type": 16, "object_id": "5", "object_repr": "7A6F413119634C13A5276322884D9944", "action_flag": 3, "change_message": ""}}, {"model": "admin.logentry", "pk": 15, "fields": {"action_time": "2021-09-26T12:50:38.553Z", "user": 1, "content_type": 16, "object_id": "4", "object_repr": "CC5556ACDBD04B838C927D56931D00AE", "action_flag": 3, "change_message": ""}}, {"model": "admin.logentry", "pk": 16, "fields": {"action_time": "2021-09-26T12:50:38.579Z", "user": 1, "content_type": 16, "object_id": "3", "object_repr": "5F9DC95A604F4E61BF0FC89E8C34AA52", "action_flag": 3, "change_message": ""}}, {"model": "admin.logentry", "pk": 17, "fields": {"action_time": "2021-09-26T12:50:38.605Z", "user": 1, "content_type": 16, "object_id": "2", "object_repr": "E5D90FA9A3C745868AFE741ED58F1E9B", "action_flag": 3, "change_message": ""}}, {"model": "admin.logentry", "pk": 18, "fields": {"action_time": "2021-09-26T12:50:38.631Z", "user": 1, "content_type": 16, "object_id": "1", "object_repr": "5B6F3774C25B476BBE05CD741FC54952", "action_flag": 3, "change_message": ""}}, {"model": "admin.logentry", "pk": 19, "fields": {"action_time": "2021-10-05T22:24:22.676Z", "user": 1, "content_type": 16, "object_id": "174", "object_repr": "1A7BEF6FBC0441C395E9F86240519C4F", "action_flag": 3, "change_message": ""}}, {"model": "admin.logentry", "pk": 20, "fields": {"action_time": "2021-10-05T22:24:22.708Z", "user": 1, "content_type": 16, "object_id": "173", "object_repr": "5095558AC08B448594FC00F807E22FE0", "action_flag": 3, "change_message": ""}}, {"model": "admin.logentry", "pk": 21, "fields": {"action_time": "2021-10-05T22:24:22.737Z", "user": 1, "content_type": 16, "object_id": "172", "object_repr": "DE86EF9015BE4CE8B0CFA8401194B4BC", "action_flag": 3, "change_message": ""}}, {"model": "admin.logentry", "pk": 22, "fields": {"action_time": "2021-10-05T22:24:22.766Z", "user": 1, "content_type": 16, "object_id": "171", "object_repr": "B4B00FB81D104D80B5E186923FF5683D", "action_flag": 3, "change_message": ""}}, {"model": "admin.logentry", "pk": 23, "fields": {"action_time": "2021-10-05T22:24:22.792Z", "user": 1, "content_type": 16, "object_id": "170", "object_repr": "9697F6FB351C41F9B3A8D5AE894F9C94", "action_flag": 3, "change_message": ""}}, {"model": "admin.logentry", "pk": 24, "fields": {"action_time": "2021-10-05T22:24:22.820Z", "user": 1, "content_type": 16, "object_id": "169", "object_repr": "4DCDE525F25441EBB3C807E88F191FE8", "action_flag": 3, "change_message": ""}}, {"model": "admin.logentry", "pk": 25, "fields": {"action_time": "2021-10-05T22:24:22.848Z", "user": 1, "content_type": 16, "object_id": "168", "object_repr": "8A86CAB6E596487DBC05F1A756B09606", "action_flag": 3, "change_message": ""}}, {"model": "admin.logentry", "pk": 26, "fields": {"action_time": "2021-10-05T22:24:22.876Z", "user": 1, "content_type": 16, "object_id": "167", "object_repr": "490D60CE787F4CB0AA89FEE95A9E48EC", "action_flag": 3, "change_message": ""}}, {"model": "admin.logentry", "pk": 27, "fields": {"action_time": "2021-10-05T22:24:22.906Z", "user": 1, "content_type": 16, "object_id": "166", "object_repr": "CC2504AA8BC4499B88DB21C63F0F57AC", "action_flag": 3, "change_message": ""}}, {"model": "admin.logentry", "pk": 28, "fields": {"action_time": "2021-10-05T22:24:22.933Z", "user": 1, "content_type": 16, "object_id": "165", "object_repr": "95536DA5565D428786A437DA1593D5C7", "action_flag": 3, "change_message": ""}}, {"model": "admin.logentry", "pk": 29, "fields": {"action_time": "2021-10-05T22:24:22.962Z", "user": 1, "content_type": 16, "object_id": "164", "object_repr": "06DEA22FA9844772B58CAEFE36261259", "action_flag": 3, "change_message": ""}}, {"model": "admin.logentry", "pk": 30, "fields": {"action_time": "2021-10-05T22:24:22.993Z", "user": 1, "content_type": 16, "object_id": "163", "object_repr": "B67DC7C938D64944AB4A5F26E622CFBC", "action_flag": 3, "change_message": ""}}, {"model": "admin.logentry", "pk": 31, "fields": {"action_time": "2021-10-05T22:24:23.021Z", "user": 1, "content_type": 16, "object_id": "162", "object_repr": "7D46767E465942499F210072FF62DD2B", "action_flag": 3, "change_message": ""}}, {"model": "admin.logentry", "pk": 32, "fields": {"action_time": "2021-10-05T22:24:23.049Z", "user": 1, "content_type": 16, "object_id": "161", "object_repr": "E9B22AC3235F407EA0F7ECAC75A7BC96", "action_flag": 3, "change_message": ""}}, {"model": "admin.logentry", "pk": 33, "fields": {"action_time": "2021-10-05T22:24:23.076Z", "user": 1, "content_type": 16, "object_id": "160", "object_repr": "4967F9C2805440E7AD0F3BF1C4173CB4", "action_flag": 3, "change_message": ""}}, {"model": "admin.logentry", "pk": 34, "fields": {"action_time": "2021-10-05T22:24:23.103Z", "user": 1, "content_type": 16, "object_id": "159", "object_repr": "51F4735831CA45B387F0949B0057BF0F", "action_flag": 3, "change_message": ""}}, {"model": "admin.logentry", "pk": 35, "fields": {"action_time": "2021-10-05T22:24:23.135Z", "user": 1, "content_type": 16, "object_id": "158", "object_repr": "C65C48FF8DAD415CB0407D3B66828B07", "action_flag": 3, "change_message": ""}}, {"model": "admin.logentry", "pk": 36, "fields": {"action_time": "2021-10-05T22:24:23.162Z", "user": 1, "content_type": 16, "object_id": "157", "object_repr": "D49B165CAD5940EBA77AE7C3BEAD515B", "action_flag": 3, "change_message": ""}}, {"model": "admin.logentry", "pk": 37, "fields": {"action_time": "2021-10-05T22:24:23.188Z", "user": 1, "content_type": 16, "object_id": "156", "object_repr": "593814B9C3254E0F95318AD755FF6C20", "action_flag": 3, "change_message": ""}}, {"model": "admin.logentry", "pk": 38, "fields": {"action_time": "2021-10-05T22:24:23.215Z", "user": 1, "content_type": 16, "object_id": "155", "object_repr": "285A2E838DB7490C98488C0423260DD1", "action_flag": 3, "change_message": ""}}, {"model": "admin.logentry", "pk": 39, "fields": {"action_time": "2021-10-05T22:24:23.244Z", "user": 1, "content_type": 16, "object_id": "154", "object_repr": "615FD7EFA88040C982FFB229889467F0", "action_flag": 3, "change_message": ""}}, {"model": "admin.logentry", "pk": 40, "fields": {"action_time": "2021-10-05T22:24:23.272Z", "user": 1, "content_type": 16, "object_id": "153", "object_repr": "208AD7AF61A445509C76BA6B77768287", "action_flag": 3, "change_message": ""}}, {"model": "admin.logentry", "pk": 41, "fields": {"action_time": "2021-10-05T22:24:23.297Z", "user": 1, "content_type": 16, "object_id": "152", "object_repr": "A60F3D3E1F1A4AC9937ABBD0A7A01C7E", "action_flag": 3, "change_message": ""}}, {"model": "admin.logentry", "pk": 42, "fields": {"action_time": "2021-10-05T22:24:23.322Z", "user": 1, "content_type": 16, "object_id": "151", "object_repr": "E35EFF8BC0DE40FEA812F966F9845679", "action_flag": 3, "change_message": ""}}, {"model": "admin.logentry", "pk": 43, "fields": {"action_time": "2021-10-05T22:24:23.349Z", "user": 1, "content_type": 16, "object_id": "150", "object_repr": "B5B6ACC2CFE74071B261A79196BAC6B2", "action_flag": 3, "change_message": ""}}, {"model": "admin.logentry", "pk": 44, "fields": {"action_time": "2021-10-05T22:24:23.373Z", "user": 1, "content_type": 16, "object_id": "149", "object_repr": "E8597D42D1684E3D96971018DFBECF13", "action_flag": 3, "change_message": ""}}, {"model": "admin.logentry", "pk": 45, "fields": {"action_time": "2021-10-05T22:24:23.403Z", "user": 1, "content_type": 16, "object_id": "148", "object_repr": "0FA4C1026CA24A16B767325C4CB8095A", "action_flag": 3, "change_message": ""}}, {"model": "admin.logentry", "pk": 46, "fields": {"action_time": "2021-10-05T22:24:23.432Z", "user": 1, "content_type": 16, "object_id": "145", "object_repr": "AC5C9032E22043F4A6F97FC5D8A148E7", "action_flag": 3, "change_message": ""}}, {"model": "admin.logentry", "pk": 47, "fields": {"action_time": "2021-10-05T22:24:23.460Z", "user": 1, "content_type": 16, "object_id": "141", "object_repr": "038FA42892024EB1B87A0EED89B87838", "action_flag": 3, "change_message": ""}}, {"model": "admin.logentry", "pk": 48, "fields": {"action_time": "2021-10-05T22:24:23.490Z", "user": 1, "content_type": 16, "object_id": "138", "object_repr": "0CFA3E2BFC454274A49D72DBB265FDE2", "action_flag": 3, "change_message": ""}}, {"model": "admin.logentry", "pk": 49, "fields": {"action_time": "2021-10-05T22:24:23.516Z", "user": 1, "content_type": 16, "object_id": "136", "object_repr": "FC2F1DB8DA394F389D8C368F613792B5", "action_flag": 3, "change_message": ""}}, {"model": "admin.logentry", "pk": 50, "fields": {"action_time": "2021-10-05T22:24:23.542Z", "user": 1, "content_type": 16, "object_id": "133", "object_repr": "C6704E07C0974AA59E67A74A4079AFAC", "action_flag": 3, "change_message": ""}}, {"model": "admin.logentry", "pk": 51, "fields": {"action_time": "2021-10-05T22:24:23.566Z", "user": 1, "content_type": 16, "object_id": "131", "object_repr": "D764F94C539542C3A7A7FB358FA85EBB", "action_flag": 3, "change_message": ""}}, {"model": "admin.logentry", "pk": 52, "fields": {"action_time": "2021-10-05T22:24:23.592Z", "user": 1, "content_type": 16, "object_id": "129", "object_repr": "DB095F31EF1C499CB32D63AB9E331216", "action_flag": 3, "change_message": ""}}, {"model": "admin.logentry", "pk": 53, "fields": {"action_time": "2021-10-05T22:24:23.618Z", "user": 1, "content_type": 16, "object_id": "124", "object_repr": "77D5814FB2614A5DB380D6A592E36D7B", "action_flag": 3, "change_message": ""}}, {"model": "admin.logentry", "pk": 54, "fields": {"action_time": "2021-10-05T22:24:23.641Z", "user": 1, "content_type": 16, "object_id": "120", "object_repr": "AC242EF0D0AD44E8B02F0F5D8725A176", "action_flag": 3, "change_message": ""}}, {"model": "admin.logentry", "pk": 55, "fields": {"action_time": "2021-10-05T22:24:23.670Z", "user": 1, "content_type": 16, "object_id": "118", "object_repr": "06E07FC3D3DB49E5B2113D87EEDBCF25", "action_flag": 3, "change_message": ""}}, {"model": "admin.logentry", "pk": 56, "fields": {"action_time": "2021-10-05T22:24:23.692Z", "user": 1, "content_type": 16, "object_id": "115", "object_repr": "ABE10CEED15347DA9D5D4E55BDDAE49E", "action_flag": 3, "change_message": ""}}, {"model": "admin.logentry", "pk": 57, "fields": {"action_time": "2021-10-05T22:24:23.716Z", "user": 1, "content_type": 16, "object_id": "113", "object_repr": "9EEF0D4BE7B344478C2AE00FFF3C7BC4", "action_flag": 3, "change_message": ""}}, {"model": "admin.logentry", "pk": 58, "fields": {"action_time": "2021-10-05T22:24:23.739Z", "user": 1, "content_type": 16, "object_id": "109", "object_repr": "EB71CDF80FF84DE6917AFD67CC2DA423", "action_flag": 3, "change_message": ""}}, {"model": "admin.logentry", "pk": 59, "fields": {"action_time": "2021-10-05T22:24:23.763Z", "user": 1, "content_type": 16, "object_id": "107", "object_repr": "EEAE7E8E9F38475392ED7BCB1CE10C17", "action_flag": 3, "change_message": ""}}, {"model": "admin.logentry", "pk": 60, "fields": {"action_time": "2021-10-05T22:24:23.786Z", "user": 1, "content_type": 16, "object_id": "103", "object_repr": "F0FD442BBA0643869BD9B7CD67190D81", "action_flag": 3, "change_message": ""}}, {"model": "admin.logentry", "pk": 61, "fields": {"action_time": "2021-10-05T22:24:23.809Z", "user": 1, "content_type": 16, "object_id": "100", "object_repr": "833D3631C50246EC848D096098A8F987", "action_flag": 3, "change_message": ""}}, {"model": "admin.logentry", "pk": 62, "fields": {"action_time": "2021-10-05T22:24:23.832Z", "user": 1, "content_type": 16, "object_id": "98", "object_repr": "9CBDE26B5595471AB155D54EEBE7A87F", "action_flag": 3, "change_message": ""}}, {"model": "admin.logentry", "pk": 63, "fields": {"action_time": "2021-10-05T22:24:23.855Z", "user": 1, "content_type": 16, "object_id": "96", "object_repr": "DA23C858EDAE4BB69688391EB6F9EA09", "action_flag": 3, "change_message": ""}}, {"model": "admin.logentry", "pk": 64, "fields": {"action_time": "2021-10-05T22:24:23.878Z", "user": 1, "content_type": 16, "object_id": "94", "object_repr": "5A54511E60EA42BAAD16B6D367B20307", "action_flag": 3, "change_message": ""}}, {"model": "admin.logentry", "pk": 65, "fields": {"action_time": "2021-10-05T22:24:23.901Z", "user": 1, "content_type": 16, "object_id": "91", "object_repr": "6294DE4F3D5B415493EE4F2944F96A9E", "action_flag": 3, "change_message": ""}}, {"model": "admin.logentry", "pk": 66, "fields": {"action_time": "2021-10-05T22:24:23.927Z", "user": 1, "content_type": 16, "object_id": "89", "object_repr": "8F67BB70079C485DB3406D8CB59884BF", "action_flag": 3, "change_message": ""}}, {"model": "admin.logentry", "pk": 67, "fields": {"action_time": "2021-10-05T22:24:23.950Z", "user": 1, "content_type": 16, "object_id": "86", "object_repr": "4F5ACB0A1A684DC4859E825BA31C3AC8", "action_flag": 3, "change_message": ""}}, {"model": "admin.logentry", "pk": 68, "fields": {"action_time": "2021-10-05T22:24:23.974Z", "user": 1, "content_type": 16, "object_id": "82", "object_repr": "91F2BC4901CD4A2AACD63B9F846BB3A3", "action_flag": 3, "change_message": ""}}, {"model": "admin.logentry", "pk": 69, "fields": {"action_time": "2021-10-05T22:24:23.997Z", "user": 1, "content_type": 16, "object_id": "80", "object_repr": "5FF487DB960C4D26ADE54D959289A5D9", "action_flag": 3, "change_message": ""}}, {"model": "admin.logentry", "pk": 70, "fields": {"action_time": "2021-10-05T22:24:24.020Z", "user": 1, "content_type": 16, "object_id": "78", "object_repr": "7A7CA997F5104E42A19B0ABA4456F358", "action_flag": 3, "change_message": ""}}, {"model": "admin.logentry", "pk": 71, "fields": {"action_time": "2021-10-05T22:24:24.043Z", "user": 1, "content_type": 16, "object_id": "74", "object_repr": "0B9CE6C2BA664253AE597FBD43948DAC", "action_flag": 3, "change_message": ""}}, {"model": "admin.logentry", "pk": 72, "fields": {"action_time": "2021-10-05T22:24:24.065Z", "user": 1, "content_type": 16, "object_id": "72", "object_repr": "A6AB69FE5CC844B68A878598BDD86A4E", "action_flag": 3, "change_message": ""}}, {"model": "admin.logentry", "pk": 73, "fields": {"action_time": "2021-10-05T22:24:24.088Z", "user": 1, "content_type": 16, "object_id": "70", "object_repr": "6F36E055D047488B9D3931CC4E8F6D77", "action_flag": 3, "change_message": ""}}, {"model": "admin.logentry", "pk": 74, "fields": {"action_time": "2021-10-05T22:24:24.111Z", "user": 1, "content_type": 16, "object_id": "68", "object_repr": "476B7BFF25594891BCCDAB35C86100AA", "action_flag": 3, "change_message": ""}}, {"model": "admin.logentry", "pk": 75, "fields": {"action_time": "2021-10-05T22:24:24.134Z", "user": 1, "content_type": 16, "object_id": "65", "object_repr": "6247F155762C4B4DB6DA9DF04AEBBFCE", "action_flag": 3, "change_message": ""}}, {"model": "admin.logentry", "pk": 76, "fields": {"action_time": "2021-10-05T22:24:24.157Z", "user": 1, "content_type": 16, "object_id": "62", "object_repr": "9DDB4BE708F946679DB3BDF4878C4B22", "action_flag": 3, "change_message": ""}}, {"model": "admin.logentry", "pk": 77, "fields": {"action_time": "2021-10-05T22:24:24.182Z", "user": 1, "content_type": 16, "object_id": "60", "object_repr": "19E13CC216924DEDA27EE72B3919B7F3", "action_flag": 3, "change_message": ""}}, {"model": "admin.logentry", "pk": 78, "fields": {"action_time": "2021-10-05T22:24:24.205Z", "user": 1, "content_type": 16, "object_id": "55", "object_repr": "B8E24DFDEE36483BB39D6E2592F604FD", "action_flag": 3, "change_message": ""}}, {"model": "admin.logentry", "pk": 79, "fields": {"action_time": "2021-10-05T22:24:24.230Z", "user": 1, "content_type": 16, "object_id": "53", "object_repr": "FC5FA05D27334A64A917CB9D929369C3", "action_flag": 3, "change_message": ""}}, {"model": "admin.logentry", "pk": 80, "fields": {"action_time": "2021-10-05T22:24:24.259Z", "user": 1, "content_type": 16, "object_id": "51", "object_repr": "7C87E511C09D4D75B46282B98B5DE9BD", "action_flag": 3, "change_message": ""}}, {"model": "admin.logentry", "pk": 81, "fields": {"action_time": "2021-10-05T22:24:24.286Z", "user": 1, "content_type": 16, "object_id": "50", "object_repr": "F9A2AF6E9CEA46CF814F06590888A752", "action_flag": 3, "change_message": ""}}, {"model": "admin.logentry", "pk": 82, "fields": {"action_time": "2021-10-05T22:24:24.312Z", "user": 1, "content_type": 16, "object_id": "49", "object_repr": "D8DCE0E0FF7E40A68E828C7C8CD64953", "action_flag": 3, "change_message": ""}}, {"model": "admin.logentry", "pk": 83, "fields": {"action_time": "2021-10-05T22:24:24.337Z", "user": 1, "content_type": 16, "object_id": "48", "object_repr": "D1052042B50D44479C0A1C2F673FF0EC", "action_flag": 3, "change_message": ""}}, {"model": "admin.logentry", "pk": 84, "fields": {"action_time": "2021-10-05T22:24:24.361Z", "user": 1, "content_type": 16, "object_id": "47", "object_repr": "3A7FBC6D909A4169AEF33C5EE508DA32", "action_flag": 3, "change_message": ""}}, {"model": "admin.logentry", "pk": 85, "fields": {"action_time": "2021-10-05T22:24:24.383Z", "user": 1, "content_type": 16, "object_id": "46", "object_repr": "6C8EC40C2DA8413B8296B9101B0CC406", "action_flag": 3, "change_message": ""}}, {"model": "admin.logentry", "pk": 86, "fields": {"action_time": "2021-10-05T22:24:24.420Z", "user": 1, "content_type": 16, "object_id": "45", "object_repr": "B324B999616C4107B5AE76C2C45C3BEB", "action_flag": 3, "change_message": ""}}, {"model": "admin.logentry", "pk": 87, "fields": {"action_time": "2021-10-05T22:24:24.443Z", "user": 1, "content_type": 16, "object_id": "44", "object_repr": "78A56E35979247F2B2C622D47AEF4A8F", "action_flag": 3, "change_message": ""}}, {"model": "admin.logentry", "pk": 88, "fields": {"action_time": "2021-10-05T22:24:24.466Z", "user": 1, "content_type": 16, "object_id": "43", "object_repr": "A5988ADA2E0440738CBB078210760C3A", "action_flag": 3, "change_message": ""}}, {"model": "admin.logentry", "pk": 89, "fields": {"action_time": "2021-10-05T22:24:24.489Z", "user": 1, "content_type": 16, "object_id": "42", "object_repr": "A7EBD12F3FF14188A580A43D9E5B8825", "action_flag": 3, "change_message": ""}}, {"model": "admin.logentry", "pk": 90, "fields": {"action_time": "2021-10-05T22:24:24.513Z", "user": 1, "content_type": 16, "object_id": "41", "object_repr": "ECC6A8BCADDB4293BF44F67C31B36408", "action_flag": 3, "change_message": ""}}, {"model": "admin.logentry", "pk": 91, "fields": {"action_time": "2021-10-05T22:24:24.536Z", "user": 1, "content_type": 16, "object_id": "40", "object_repr": "11F73B89399541E3BB013071C3BCDC09", "action_flag": 3, "change_message": ""}}, {"model": "admin.logentry", "pk": 92, "fields": {"action_time": "2021-10-05T22:24:24.560Z", "user": 1, "content_type": 16, "object_id": "39", "object_repr": "3DDBF42188B84A8A98BE8FCB3AADCB1C", "action_flag": 3, "change_message": ""}}, {"model": "admin.logentry", "pk": 93, "fields": {"action_time": "2021-10-05T22:24:24.599Z", "user": 1, "content_type": 16, "object_id": "38", "object_repr": "FB61EE1020354A2D859D07D2ED8C74EC", "action_flag": 3, "change_message": ""}}, {"model": "admin.logentry", "pk": 94, "fields": {"action_time": "2021-10-05T22:24:24.629Z", "user": 1, "content_type": 16, "object_id": "37", "object_repr": "1474780A11CF479498AD975781B1262F", "action_flag": 3, "change_message": ""}}, {"model": "admin.logentry", "pk": 95, "fields": {"action_time": "2021-10-05T22:24:24.653Z", "user": 1, "content_type": 16, "object_id": "36", "object_repr": "C63EFA3134EF499CB065BAF3E6B032B7", "action_flag": 3, "change_message": ""}}, {"model": "admin.logentry", "pk": 96, "fields": {"action_time": "2021-10-05T22:24:24.677Z", "user": 1, "content_type": 16, "object_id": "35", "object_repr": "FF183B85F9314A7EA5EC3B9C01638C8C", "action_flag": 3, "change_message": ""}}, {"model": "admin.logentry", "pk": 97, "fields": {"action_time": "2021-10-05T22:24:24.701Z", "user": 1, "content_type": 16, "object_id": "34", "object_repr": "A71B865FAF7A4BDCA9A63EC53082A067", "action_flag": 3, "change_message": ""}}, {"model": "admin.logentry", "pk": 98, "fields": {"action_time": "2021-10-05T22:24:24.724Z", "user": 1, "content_type": 16, "object_id": "33", "object_repr": "239D28586D7E4022B8F7471ACD251E52", "action_flag": 3, "change_message": ""}}, {"model": "admin.logentry", "pk": 99, "fields": {"action_time": "2021-10-05T22:24:24.747Z", "user": 1, "content_type": 16, "object_id": "32", "object_repr": "036E5382F7674E209E5C24620AC509BC", "action_flag": 3, "change_message": ""}}, {"model": "admin.logentry", "pk": 100, "fields": {"action_time": "2021-10-05T22:24:24.771Z", "user": 1, "content_type": 16, "object_id": "31", "object_repr": "ECEE7890370D4022ABBFA8F0D4E25102", "action_flag": 3, "change_message": ""}}, {"model": "admin.logentry", "pk": 101, "fields": {"action_time": "2021-10-05T22:24:24.794Z", "user": 1, "content_type": 16, "object_id": "30", "object_repr": "4A2247A4DAF148C5B26027DCE438485D", "action_flag": 3, "change_message": ""}}, {"model": "admin.logentry", "pk": 102, "fields": {"action_time": "2021-10-05T22:24:24.818Z", "user": 1, "content_type": 16, "object_id": "29", "object_repr": "4D98B570E6284C3F95117EBA61848245", "action_flag": 3, "change_message": ""}}, {"model": "admin.logentry", "pk": 103, "fields": {"action_time": "2021-10-05T22:24:24.842Z", "user": 1, "content_type": 16, "object_id": "28", "object_repr": "FB0025B0D72D49A78AA05488FF0A82AA", "action_flag": 3, "change_message": ""}}, {"model": "admin.logentry", "pk": 104, "fields": {"action_time": "2021-10-05T22:24:24.865Z", "user": 1, "content_type": 16, "object_id": "27", "object_repr": "6CB4DE15A353428791CD5514396E2D52", "action_flag": 3, "change_message": ""}}, {"model": "admin.logentry", "pk": 105, "fields": {"action_time": "2021-10-05T22:24:24.888Z", "user": 1, "content_type": 16, "object_id": "26", "object_repr": "529583DAE7AB4772B006205B4AAC66CC", "action_flag": 3, "change_message": ""}}, {"model": "admin.logentry", "pk": 106, "fields": {"action_time": "2021-10-05T22:24:24.911Z", "user": 1, "content_type": 16, "object_id": "25", "object_repr": "FA2F7D80D40A4B89B9E8FDA6FF9EC06F", "action_flag": 3, "change_message": ""}}, {"model": "admin.logentry", "pk": 107, "fields": {"action_time": "2021-10-05T22:24:24.935Z", "user": 1, "content_type": 16, "object_id": "24", "object_repr": "ACC6BD1337434D7A98AF65D2C42B043B", "action_flag": 3, "change_message": ""}}, {"model": "admin.logentry", "pk": 108, "fields": {"action_time": "2021-10-05T22:24:24.958Z", "user": 1, "content_type": 16, "object_id": "23", "object_repr": "683172CD29204A9EAC5B934AB782E68D", "action_flag": 3, "change_message": ""}}, {"model": "admin.logentry", "pk": 109, "fields": {"action_time": "2021-10-05T22:24:24.993Z", "user": 1, "content_type": 16, "object_id": "22", "object_repr": "00DF52508C1C41DB80037949AB4DB442", "action_flag": 3, "change_message": ""}}, {"model": "admin.logentry", "pk": 110, "fields": {"action_time": "2021-10-05T22:24:25.022Z", "user": 1, "content_type": 16, "object_id": "21", "object_repr": "991ACA68A27145F3A9ABCBE30083BC7C", "action_flag": 3, "change_message": ""}}, {"model": "admin.logentry", "pk": 111, "fields": {"action_time": "2021-10-05T22:24:25.052Z", "user": 1, "content_type": 16, "object_id": "20", "object_repr": "132C744482A248BEA1BE945FF1B3EBBB", "action_flag": 3, "change_message": ""}}, {"model": "admin.logentry", "pk": 112, "fields": {"action_time": "2021-10-05T22:24:25.079Z", "user": 1, "content_type": 16, "object_id": "19", "object_repr": "D6A4166E8E0547DE9A8DB1594F7318F4", "action_flag": 3, "change_message": ""}}, {"model": "admin.logentry", "pk": 113, "fields": {"action_time": "2021-10-05T22:24:25.107Z", "user": 1, "content_type": 16, "object_id": "18", "object_repr": "9446D75512054C6890F7F24B3129E83A", "action_flag": 3, "change_message": ""}}, {"model": "admin.logentry", "pk": 114, "fields": {"action_time": "2021-10-05T22:24:25.135Z", "user": 1, "content_type": 16, "object_id": "17", "object_repr": "448AE9B60366477AB0DED3EB38A2A083", "action_flag": 3, "change_message": ""}}, {"model": "admin.logentry", "pk": 115, "fields": {"action_time": "2021-10-05T22:24:25.165Z", "user": 1, "content_type": 16, "object_id": "16", "object_repr": "C9F00065286B4D96A9019162E09F1877", "action_flag": 3, "change_message": ""}}, {"model": "admin.logentry", "pk": 116, "fields": {"action_time": "2021-10-05T22:24:25.191Z", "user": 1, "content_type": 16, "object_id": "15", "object_repr": "3AC15AE6D7BC4F708E2852DA83BA9619", "action_flag": 3, "change_message": ""}}, {"model": "admin.logentry", "pk": 117, "fields": {"action_time": "2021-10-05T22:24:25.219Z", "user": 1, "content_type": 16, "object_id": "14", "object_repr": "D49D0A5724354D5693F1C8302AFA3724", "action_flag": 3, "change_message": ""}}, {"model": "admin.logentry", "pk": 118, "fields": {"action_time": "2021-10-05T22:24:25.249Z", "user": 1, "content_type": 16, "object_id": "13", "object_repr": "8447194C2A77439F8F3E8CF02330E330", "action_flag": 3, "change_message": ""}}, {"model": "admin.logentry", "pk": 119, "fields": {"action_time": "2021-10-05T22:24:34.735Z", "user": 1, "content_type": 16, "object_id": "12", "object_repr": "FEE8EF59BEA2401D864C4B4D29A60A3E", "action_flag": 3, "change_message": ""}}, {"model": "admin.logentry", "pk": 120, "fields": {"action_time": "2021-10-06T21:36:10.438Z", "user": 1, "content_type": 8, "object_id": "7", "object_repr": "cultevokni@vusra.com", "action_flag": 2, "change_message": "[{\"changed\": {\"fields\": [\"Verified\"]}}]"}}, {"model": "admin.logentry", "pk": 121, "fields": {"action_time": "2021-10-06T21:36:16.432Z", "user": 1, "content_type": 8, "object_id": "6", "object_repr": "sean@sean.com", "action_flag": 2, "change_message": "[{\"changed\": {\"fields\": [\"Verified\"]}}]"}}, {"model": "admin.logentry", "pk": 122, "fields": {"action_time": "2021-10-06T21:36:25.425Z", "user": 1, "content_type": 8, "object_id": "5", "object_repr": "aideenmalonedev@gmail.com", "action_flag": 2, "change_message": "[{\"changed\": {\"fields\": [\"Verified\"]}}]"}}, {"model": "admin.logentry", "pk": 123, "fields": {"action_time": "2021-10-06T21:36:33.175Z", "user": 1, "content_type": 8, "object_id": "4", "object_repr": "testing@testing.com", "action_flag": 2, "change_message": "[{\"changed\": {\"fields\": [\"Verified\"]}}]"}}, {"model": "admin.logentry", "pk": 124, "fields": {"action_time": "2021-10-06T21:36:39.621Z", "user": 1, "content_type": 8, "object_id": "3", "object_repr": "terzisegne@vusra.com", "action_flag": 2, "change_message": "[{\"changed\": {\"fields\": [\"Verified\"]}}]"}}, {"model": "admin.logentry", "pk": 125, "fields": {"action_time": "2021-10-06T21:36:50.959Z", "user": 1, "content_type": 8, "object_id": "2", "object_repr": "test@test.com", "action_flag": 2, "change_message": "[{\"changed\": {\"fields\": [\"Verified\"]}}]"}}, {"model": "admin.logentry", "pk": 126, "fields": {"action_time": "2021-10-06T22:25:25.878Z", "user": 1, "content_type": 17, "object_id": "9", "object_repr": "sesa", "action_flag": 2, "change_message": "[{\"changed\": {\"fields\": [\"Default phone number\", \"Default town or city\", \"Default street address1\"]}}]"}}, {"model": "admin.logentry", "pk": 127, "fields": {"action_time": "2021-10-07T22:10:34.051Z", "user": 1, "content_type": 18, "object_id": "1", "object_repr": "Great School", "action_flag": 1, "change_message": "[{\"added\": {}}]"}}, {"model": "auth.user", "pk": 1, "fields": {"password": "pbkdf2_sha256$260000$87mJi8lNA9njwMGGrPgMSL$ShQqLqLTIglF6NiVqV4ymcWvee4+UxdorbAxnePlL+U=", "last_login": "2021-10-09T14:00:24.407Z", "is_superuser": true, "username": "AideenM12", "first_name": "Aideen", "last_name": "Malone", "email": "a.malone1289@gmail.com", "is_staff": true, "is_active": true, "date_joined": "2021-09-10T14:43:53Z", "groups": [], "user_permissions": []}}, {"model": "auth.user", "pk": 2, "fields": {"password": "pbkdf2_sha256$260000$5dFxN1if0wbhj8cxMKIVmu$0jcWARyGiyeh6m9Bu50m5Cdwe20Hy5lg+vWw6XDUIlM=", "last_login": "2021-09-24T21:13:13.179Z", "is_superuser": true, "username": "tutorman", "first_name": "", "last_name": "", "email": "tutorman@ci.net", "is_staff": true, "is_active": true, "date_joined": "2021-09-24T21:13:00.515Z", "groups": [], "user_permissions": []}}, {"model": "auth.user", "pk": 3, "fields": {"password": "pbkdf2_sha256$260000$g8v0lQ4iRU98sXdcLrlSGd$80nerSR+yAP99C2zzWAykYJJB0EJtFDy2buP54F6FPc=", "last_login": null, "is_superuser": false, "username": "Tester", "first_name": "", "last_name": "", "email": "test@test.com", "is_staff": false, "is_active": true, "date_joined": "2021-09-28T13:19:39.157Z", "groups": [], "user_permissions": []}}, {"model": "auth.user", "pk": 4, "fields": {"password": "pbkdf2_sha256$260000$546mXE6nBVQynMvL2GDooB$8CdjQuAtweN0Gvy0cnYWHh5AzL7+4FzFaTa92I+LYRM=", "last_login": "2021-10-06T22:44:37.812Z", "is_superuser": false, "username": "terzisegne", "first_name": "", "last_name": "", "email": "terzisegne@vusra.com", "is_staff": false, "is_active": true, "date_joined": "2021-10-05T21:36:10.758Z", "groups": [], "user_permissions": []}}, {"model": "auth.user", "pk": 5, "fields": {"password": "pbkdf2_sha256$260000$lwFYviJWW0duuquHOqIZCH$o1u28+7AqoHAUMmSviPJEEWnwkZtdesLX1jv75OfZy0=", "last_login": null, "is_superuser": false, "username": "Testuser", "first_name": "", "last_name": "", "email": "testing@testing.com", "is_staff": false, "is_active": true, "date_joined": "2021-10-05T21:41:37.711Z", "groups": [], "user_permissions": []}}, {"model": "auth.user", "pk": 6, "fields": {"password": "pbkdf2_sha256$260000$ZrsTXc0YvlSP2yp28b2iUH$ie4HR49ZhmT5sEEGMQJZGi+TQXAYTxpFPKzaR7wEw3c=", "last_login": null, "is_superuser": false, "username": "Usertest", "first_name": "", "last_name": "", "email": "aideenmalonedev@gmail.com", "is_staff": false, "is_active": true, "date_joined": "2021-10-05T21:44:06.673Z", "groups": [], "user_permissions": []}}, {"model": "auth.user", "pk": 7, "fields": {"password": "pbkdf2_sha256$260000$BjbL0WDS8FFv6U6XndIU4f$hlL+Aw7oYVkrX/Mt+qqMuqxXpMxmgVG9rku3GHuWUtc=", "last_login": null, "is_superuser": false, "username": "seantutor", "first_name": "", "last_name": "", "email": "sean@sean.com", "is_staff": false, "is_active": true, "date_joined": "2021-10-06T12:34:31.646Z", "groups": [], "user_permissions": []}}, {"model": "auth.user", "pk": 8, "fields": {"password": "pbkdf2_sha256$260000$TaImiD3rEY7VetpnjP3wFi$BqMcBz4Ys4wLioJWqJgYFEDldrPyXWjfCDhGnWtvs/M=", "last_login": null, "is_superuser": false, "username": "cultevokni", "first_name": "", "last_name": "", "email": "cultevokni@vusra.com", "is_staff": false, "is_active": true, "date_joined": "2021-10-06T20:04:26.646Z", "groups": [], "user_permissions": []}}, {"model": "auth.user", "pk": 9, "fields": {"password": "pbkdf2_sha256$260000$ywxFIejnWujohRXnagSXCK$E2Xy7IEspkkIwgMM11AhnIBJL7Se3EnfNbEa8R/MG9Q=", "last_login": "2021-10-06T20:58:59.962Z", "is_superuser": false, "username": "dahib19", "first_name": "", "last_name": "", "email": "dahib19129@mxgsby.com", "is_staff": false, "is_active": true, "date_joined": "2021-10-06T20:09:16.195Z", "groups": [], "user_permissions": []}}, {"model": "auth.user", "pk": 10, "fields": {"password": "pbkdf2_sha256$260000$A7XNUTIywywYYA3uV3gt2Y$81yEm6X0++0K/hQLbFAaOLPHTjrhYgPsNYDhHS8imYg=", "last_login": "2021-10-10T14:11:56.854Z", "is_superuser": false, "username": "sesa", "first_name": "", "last_name": "", "email": "sesasoh568@ncdainfo.com", "is_staff": false, "is_active": true, "date_joined": "2021-10-06T21:27:30.667Z", "groups": [], "user_permissions": []}}, {"model": "auth.user", "pk": 11, "fields": {"password": "pbkdf2_sha256$260000$rvjJSHP1gDF5kYlatu9gBX$tW0dBdmJqI7djiyulrgPli2/aGilGeM5VV3pBv/DfuU=", "last_login": "2021-10-06T22:17:15.834Z", "is_superuser": false, "username": "dakomi", "first_name": "", "last_name": "", "email": "dakomi4718@nubenews.com", "is_staff": false, "is_active": true, "date_joined": "2021-10-06T22:16:30.965Z", "groups": [], "user_permissions": []}}, {"model": "sessions.session", "pk": "0lsq1c1tters5f6uixvwhbh3q898bulg", "fields": {"session_data": ".eJxVjMEOwiAQBf-Fc0OgFEp69O43kF1YLGrAQGs0xn_XJj3o9c28eTEH6zK7tVF1KbCJSdb9bgj-QnkD4Qz5VLgveakJ-abwnTZ-LIGuh939C8zQ5u_bCu-DwEFaCGM0ZFEKhTpqQB16GMlEbyBSNHIE2SsURliPPWmhlNF6izZqLZXs6HFL9ckm0bEGd3Ipx8Kmpa70_gAgEUWq:1mUwv0:55542fk6DuevM0Dlkjr-1ZxKpOK82_T9WgtQZ_zxG88", "expire_date": "2021-10-11T20:08:06.236Z"}}, {"model": "sessions.session", "pk": "0wnzqn8llhtwmk3jhur3zclldmealnsu", "fields": {"session_data": ".eJxVjMsOgyAURP_lro0BLUhcdt9vIBe4VPuQBjSxMfx7JTFpu5vMOTMbaFzmQS-Joh4d9MCh-u0M2jtNBbgbTtdQ2zDNcTR1UeqDpvoSHD3Oh_t3MGAa9rVi1jpmTlyh67wkZThrjfACjXANdiS9lejJS94hb1rDJFPWNCRY20ohymmilMYwaVpfY3xDzyqwGGfoN7BhiTsusYGe5wpoxaf-1jnnDymATt0:1mTVoL:PZM_XfrbmXAsGlTr4NHKwjZ5saLV0zrR6NtgzfxRJN0", "expire_date": "2021-10-07T20:59:17.015Z"}}, {"model": "sessions.session", "pk": "0xdtuev6mrzb76shqf2x77nyql3qxppv", "fields": {"session_data": ".eJxVjMsOgyAURP_lro0BLUhcdt9vIBe4VPqQBjSxMfx7NTFpu5vMOTMraJynQc-Zkg4OeuBQ_XYG7Z3GHbgbjtdY2zhOKZh6V-qD5voSHT3Oh_t3MGAetrVi1jpmTlyh67wkZThrjfACjXANdiS9lejJS94hb1rDJFPWNCRY20oh9tNMOYc4alpeIb2hZxVYTBP0K9g4pw1vsVRACz71twEFPS-lfAA7SE7j:1mS3qi:6hrmdG1S_IZ3szKx6WmvXALUnf1QY5EAdzvaJ_zrZ1w", "expire_date": "2021-10-03T20:55:44.802Z"}}, {"model": "sessions.session", "pk": "1x56ln1n1be3y34kiu9dcuo9fr3b2pr2", "fields": {"session_data": ".eJxVjMsOgyAURP_lro0BLUhcdt9vIBe4VPqQBjSxMfx7NTFpu5vMOTMraJynQc-Zkg4OeuBQ_XYG7Z3GHbgbjtdY2zhOKZh6V-qD5voSHT3Oh_t3MGAetrVi1jpmTlyh67wkZThrjfACjXANdiS9lejJS94hb1rDJFPWNCRY20oh9tNMOYc4alpeIb2hZxVYTBP0K9g4pw1vsVRACz71twEFPS-lfAA7SE7j:1mS3pQ:3mdH4piO0HAO-ZC3eAzhhbd2FfiklKF5NyAzUvkKujM", "expire_date": "2021-10-03T20:54:24.958Z"}}, {"model": "sessions.session", "pk": "1y7d0h82ktpyz5r7k3q1vo79sn9bomr6", "fields": {"session_data": "eyJjYXJ0Ijp7IjIiOjF9fQ:1mRea2:_3jX1lwSZWAg_A8tBwOZg-b2849U9R9ear6HkKGhI_k", "expire_date": "2021-10-02T17:56:50.118Z"}}, {"model": "sessions.session", "pk": "2unbgo9iaaq4brg9udjdzbna2lp2rq9n", "fields": {"session_data": ".eJxVjMsOgyAURP_lro0BLUhcdt9vIBe4VPuQBjSxMfx7JTFpu5vMOTMbaFzmQS-Joh4d9MCh-u0M2jtNBbgbTtdQ2zDNcTR1UeqDpvoSHD3Oh_t3MGAa9rVi1jpmTlyh67wkZThrjfACjXANdiS9lejJS94hb1rDJFPWNCRY20ohymmilMYwaVpfY3xDzyqwGGfoN7BhiTsusYGe5wpoxaf-1jnnDymATt0:1mSfzv:RZ2-qAplfY0T3exWaaHJMW5h9uScqEpjpN6JqxgJSNM", "expire_date": "2021-10-05T13:39:47.595Z"}}, {"model": "sessions.session", "pk": "3er8wvho9v56f5ysxu311gli99elr8mk", "fields": {"session_data": ".eJyrVkpOLCpRsqpWSs4vLSpOLQYya3WUUisSc-ORRGprATUHD0M:1mSRdi:6MKHxtCevTr1IdPa5qhGLEC-fx6XsaDYXI5lslWB5AA", "expire_date": "2021-10-04T22:19:54.788Z"}}, {"model": "sessions.session", "pk": "3p2ahy6u3tajb8z9kht111b6hw8wy5lo", "fields": {"session_data": ".eJyrVkpOLCpRsqpWSs4vLSpOLQYya3WUUisSc-MRIkpGSlaGOkpmQLK2thYA3fkRNQ:1mRzMX:nkcx7VUOv_ugazn0LypNwwvQ1ICgLQRjKqeE-BZzsLY", "expire_date": "2021-10-03T16:08:17.486Z"}}, {"model": "sessions.session", "pk": "4bwbrsq9onrxtiui2ms0cc3zb88nffpq", "fields": {"session_data": ".eJyrVkpOLCpRsqpWSs4vLSpOLQYya3WUUisSc-MRIkrmSlaGOkqmQLK2thYA3jMROQ:1mRz1x:rg2JjmvoVqB6o7rbwxdw6rbFgZNZHw64ZF6Lu2n10kI", "expire_date": "2021-10-03T15:47:01.865Z"}}, {"model": "sessions.session", "pk": "4kblw3y7g9yxn01qodiyavyu2qtedhwg", "fields": {"session_data": ".eJxVjMsOgyAURP_lro0BLUhcdt9vIBe4VPqQBjSxMfx7NTFpu5vMOTMraJynQc-Zkg4OeuBQ_XYG7Z3GHbgbjtdY2zhOKZh6V-qD5voSHT3Oh_t3MGAetrVi1jpmTlyh67wkZThrjfACjXANdiS9lejJS94hb1rDJFPWNCRY20oh9tNMOYc4alpeIb2hZxVYTBP0K9g4pw1vsVRACz71twEFPS-lfAA7SE7j:1mS14U:CgpEEYPXIilf6kykII9oOl_p_awljFv0rxqx1m0nvHE", "expire_date": "2021-10-03T17:57:46.985Z"}}, {"model": "sessions.session", "pk": "5797av4cj3yhk5vgy2miujofubv19n9r", "fields": {"session_data": ".eJxVjEEOwiAQRe_C2pChFEq6dO8ZyAwMFjVgSptojHfXJl3o9r_330t4XJfJr41nn6MYhRKH340wXLlsIF6wnKsMtSxzJrkpcqdNnmrk23F3_wITtun7dhBCBOqVwzgky44UaDLJIJnY4cA2BYuJk1UDqk4TWHCBOjagtTVmizZuLdfi-XHP81OM8P4AtY8_hg:1mVWGD:x5ASjajPyIR5jLz4QSm5LPSRcQLP1OxqMJtRhJfOid4", "expire_date": "2021-10-13T09:52:21.374Z"}}, {"model": "sessions.session", "pk": "5i7zt6j0kr07t6vzzrck2tv1975yre3y", "fields": {"session_data": ".eJxVj8sKwyAQRf9l1iFojCa47L7fIKOOTfqIRRNICfn3Gii0Xc0w58yFu4HBZR7MkimZ0YMGDtXvzaK70XQAf8XpEmsXpzmNtj6U-kNzfY6e7qeP-xcwYB7Kd8-c88y2vEffBUW95UxYGSRa6RvsSAWnMFBQvEPeCMsU651tSDIhlJRHaKacxzgZWp9jeoFmFThMM-gNXFxSwcfagOaFtGVUpY0WewW04sN8nX3f3wElUSo:1mTAc6:cFoEmd8kSqmNzUoHlWcqCv6yFuMw75JvDsNvxwd4_U4", "expire_date": "2021-10-06T22:21:14.082Z"}}, {"model": "sessions.session", "pk": "67vlgua6dh1vrpcqonwbhrqjd1onqwa8", "fields": {"session_data": ".eJxVjMsKgzAURP_lriXkoca47L7fEG5ukmofBoxCQfLvVRDa7oZzZmYDi-sy2DWH2Y4eepBQ_TKH9AjTIfwdp1tilKZlHh07Kuy0mV2TD8_L2f07GDAP-9pIZRz3MnKF1GmhDanaKWlMpAaNoUhSNKhbp6jmolW8lR0X5OpORC3Cfko4L9BvQGmdc8hHlNCLUkF448t-cSnlA8EYRmM:1mTsVX:tDdu7htiTFgxpEY3G-Nz-5br94-GQVHZthlQRp4DUvo", "expire_date": "2021-10-08T21:13:23.351Z"}}, {"model": "sessions.session", "pk": "6xi1198mhktxlkq6zn76e9r91siwcolc", "fields": {"session_data": ".eJxVjMsOgyAURP_lrg0BLWhYdt9vIBe4VPuQBjSxMfx7NTFpu5vMOTMrGJyn3syZkhk8aBBQ_XYW3Z3GHfgbjtfIXBynNFi2K-ygmV2ip8f5cP8Oesz9tu64c57bk-jQt0FRZwVvrAwSrfQ1tqSCUxgoKNGiqBvLFe-crUnyplFS7qeZch7iaGh5DekNmlfgME2gV3BxThveYqmAFnyabwMtaFFK-QA7QU7i:1mSRLN:N9gBnxCjLzaA9Mh-7_zRYjUspEjjjDwCQKCt9vUmj0c", "expire_date": "2021-10-04T22:00:57.274Z"}}, {"model": "sessions.session", "pk": "73md1yoqz8ybvcjefh9ox8xne5r6hhrr", "fields": {"session_data": ".eJxVjEEOwiAQRe_C2pChFEq6dO8ZyAwMFjVgSptojHfXJl3o9r_330t4XJfJr41nn6MYhRKH340wXLlsIF6wnKsMtSxzJrkpcqdNnmrk23F3_wITtun7dhBCBOqVwzgky44UaDLJIJnY4cA2BYuJk1UDqk4TWHCBOjagtTVmizZuLdfi-XHP81OM8P4AtY8_hg:1mQoYo:bQnEsrttP8mhALb3ns5oCm6HV_Nww-iao7c0Ah9rCsg", "expire_date": "2021-09-30T10:24:06.577Z"}}, {"model": "sessions.session", "pk": "7as0pxc9s4zyiyttt0ndepukphsctm1r", "fields": {"session_data": ".eJyrVkpOLCpRsqpWSs4vLSpOLQYya3WUUisSc-MRIkpGSlZmOkqGhkpWhjpKFkpWxrW1tQBVFxJ7:1mRzGH:NcCN-3hL_CIeUWnN6QwaW3S5S2hTHcckUtENhYd9VRo", "expire_date": "2021-10-03T16:01:49.806Z"}}, {"model": "sessions.session", "pk": "7lj95xfmgn97iyvijniac39ddvcjj9s9", "fields": {"session_data": ".eJxVjMsOgyAURP_lro0BLUhcdt9vIBe4VPuQBjSxMfx7JTFpu5vMOTMbaFzmQS-Joh4d9MCh-u0M2jtNBbgbTtdQ2zDNcTR1UeqDpvoSHD3Oh_t3MGAa9rVi1jpmTlyh67wkZThrjfACjXANdiS9lejJS94hb1rDJFPWNCRY20ohymmilMYwaVpfY3xDzyqwGGfoN7BhiTsusYGe5wpoxaf-1jnnDymATt0:1mTA4t:34aZlAlQDQxnWY7d9ViACsXJHCtpAG7TNcp_p8V4R_8", "expire_date": "2021-10-06T21:46:55.917Z"}}, {"model": "sessions.session", "pk": "7o9ntu52o6y5y4perv0l36w3gnzg5dql", "fields": {"session_data": ".eJxVjMEOwiAQBf-FsyFQKJQevfsNZMsuFjVgoE00xn_XJj3o9c28eTEP6zL7tVH1CdnIJDv8bhOEK-UN4AXyufBQ8lLTxDeF77TxU0G6HXf3LzBDm79vgRYdSulkH0ycdIxKGjUE1-EA0QJJHaIh5Sjq3nYALihrOgGgnA6D2KKNWksle3rcU32yUbw_moo_Sg:1mZEwb:vR3AeOEmf-txmzo3NrWPpgQycFiEu4Z6PkAHwYnrV-w", "expire_date": "2021-10-23T16:11:29.553Z"}}, {"model": "sessions.session", "pk": "8w24ppro135nwf2o9knrp3kubw6qzz01", "fields": {"session_data": ".eJxVjEEOwiAQRe_C2pChFEq6dO8ZyAwMFjVgSptojHfXJl3o9r_330t4XJfJr41nn6MYhRKH340wXLlsIF6wnKsMtSxzJrkpcqdNnmrk23F3_wITtun7dhBCBOqVwzgky44UaDLJIJnY4cA2BYuJk1UDqk4TWHCBOjagtTVmizZuLdfi-XHP81OM8P4AtY8_hg:1mVXYH:bPlg2kW0MhlwBGyvrQPhWUmXDsoV23P_ejrqOusBsMk", "expire_date": "2021-10-13T11:15:05.284Z"}}, {"model": "sessions.session", "pk": "9fi61213hcj4dn472zpwrph53uyugzaq", "fields": {"session_data": ".eJxVjMsOgyAURP_lro0BLWhZdt9vIBe4VPqQBjSxMfx7NWnSdjeZc2ZW0DhPg54zJR0cKOBQ_XYG7Y3GHbgrjpdY2zhOKZh6V-oPzfU5OrqfPu7fwYB52NY9s9Yxc-A9us5L6g1nrRFeoBGuwY6ktxI9eck75E1rmGS9NQ0J1rZSiP00U84hjpqWZ0gvUKwCi2kCtYKNc9rwFksFtOBDfxs4guKllDc7T07k:1mSJ7C:4ShyYcfqG1MnBNjRXOgMqHM49moSkQ7fEtLs8DHcl94", "expire_date": "2021-10-04T13:13:46.175Z"}}, {"model": "sessions.session", "pk": "9m6hytm3y0r4uq68683es2kh73eks01b", "fields": {"session_data": ".eJyrVkpOLCpRsqpWSs4vLSpOLQYya3WUUisSc-MRIkoWSlaGOkpGQLK2thYA3isRNw:1mRz04:Q0hojESu1bvGEx-gqVgcQDE0NPWB08u8GcsXq_w_Hc0", "expire_date": "2021-10-03T15:45:04.409Z"}}, {"model": "sessions.session", "pk": "9x3mp29xlzz2bsav8dkafa5u51bzia0y", "fields": {"session_data": "eyJjYXJ0Ijp7IjgiOjF9fQ:1mReZ4:S8kQwNlQEqLVPTtOEpT_r22mJkgmmKIOrPB9p0aClzI", "expire_date": "2021-10-02T17:55:50.077Z"}}, {"model": "sessions.session", "pk": "a2s0w2r8pemhsej691pprjm0o3hw4y5e", "fields": {"session_data": ".eJxVjMEOwiAQBf-FsyFQCiU9evcbyC4sFjVgoE00Tf9dm_TS65t5szIPdWbjul2Yg2We3NKouhTYyCQ7bQj-SXkH4QH5Xrgvea4J-a7wgzZ-K4Fe18M9BSZo0_9thfdBYC8thCEasiiFQh01oA4dDGSiNxApGjmA7BQKI6zHjrRQymi9Rxu1lkp29Hmn-mWj2H4-0kLS:1mS3hi:6Uowvyg0tRhXVlQhlu_CBaZA_wGsOcTMs8YA3QGy0es", "expire_date": "2021-10-03T20:46:26.145Z"}}, {"model": "sessions.session", "pk": "adtda9co970ermcxqjd29vt5lyizn7bw", "fields": {"session_data": ".eJyrVkpOLCpRsqpWSs4vLSpOLQYya3WUUisSc-MRIkpGSlaGtbW1AH8jECQ:1mRzKz:i8PBQOb0dqdV5lJ70Vw1tnx2sFMkfR10K24z3pBf0so", "expire_date": "2021-10-03T16:06:41.811Z"}}, {"model": "sessions.session", "pk": "aq3nv7qu2zi0skpya4ajw4o6b3e628cy", "fields": {"session_data": ".eJxVjMsOgyAURP_lro0BLUhcdt9vIBe4VPuQBjSxMfx7JTFpu5vMOTMbaFzmQS-Joh4d9MCh-u0M2jtNBbgbTtdQ2zDNcTR1UeqDpvoSHD3Oh_t3MGAa9rVi1jpmTlyh67wkZThrjfACjXANdiS9lejJS94hb1rDJFPWNCRY20ohymmilMYwaVpfY3xDzyqwGGfoN7BhiTsusYGe5wpoxaf-1jnnDymATt0:1mSJAo:scxB7OtWqEdyRYzHZkfWRwwtNvD0HIXL819lzzONFyM", "expire_date": "2021-10-04T13:17:30.019Z"}}, {"model": "sessions.session", "pk": "b6xaf67kj2l7071sq8fk6wyeoy3b11bm", "fields": {"session_data": ".eJxVjMEOwiAQBf-FsyFQKJQevfsNZMsuFjVgoE00xn_XJj3o9c28eTEP6zL7tVH1CdnIJDv8bhOEK-UN4AXyufBQ8lLTxDeF77TxU0G6HXf3LzBDm79vgRYdSulkH0ycdIxKGjUE1-EA0QJJHaIh5Sjq3nYALihrOgGgnA6D2KKNWksle3rcU32yUbw_moo_Sg:1mXsDI:1LVYPR2siOP-9hBIOU8pYNbSIllGPbmI4A_MxMFgYJ0", "expire_date": "2021-10-19T21:43:04.465Z"}}, {"model": "sessions.session", "pk": "c177xkaqqipikpy9dn7iodlphvcf56t6", "fields": {"session_data": "eyJjYXJ0Ijp7IjEiOjF9fQ:1mRdzV:s7tGeOTKu8IHr2SWuMB2hK8I1GUNzozYYxnS5fmSO-8", "expire_date": "2021-10-02T17:19:05.054Z"}}, {"model": "sessions.session", "pk": "elrsqghfwu272hntiy5g15899gkqoc68", "fields": {"session_data": ".eJxVjMEOwiAQBf-Fc0OgFEp69O43kF1YLGrAQGs0xn_XJj3o9c28eTEH6zK7tVF1KbCJSdb9bgj-QnkD4Qz5VLgveakJ-abwnTZ-LIGuh939C8zQ5u_bCu-DwEFaCGM0ZFEKhTpqQB16GMlEbyBSNHIE2SsURliPPWmhlNF6izZqLZXs6HFL9ckm0bEGd3Ipx8Kmpa70_gAgEUWq:1mUwnt:GPXZWPC_wl5oXekhimALmp6WTL__t18HWfIl-AzlkJE", "expire_date": "2021-10-11T20:00:45.379Z"}}, {"model": "sessions.session", "pk": "f4yyqnk9g40j8raud2jxdb8ersf8r21n", "fields": {"session_data": ".eJxVjMsOgyAURP_lro0BKUhcdt9vIBe4VPuABjSxMf57NXFhd5M5Z2YBg9PYm6lQNoOHDjhU586ie1LcgX9gvKfapTjmwda7Uh-01Lfk6XU93L-DHku_rTVzzjN74Rp9GxRpy5mwMki00jfYkgpOYaCgeIu8EZYppp1tSDIhlJT7aaFShhQNzZ8hf6FjFTjMI3QLuDTlDW9xrYBmfJtTs64_t0dN_A:1mSzie:gfLzzKmgfyrkzTxN1Lz6KXS84SKIJrxQDyMF94_HIh0", "expire_date": "2021-10-06T10:43:16.884Z"}}, {"model": "sessions.session", "pk": "fxpu78yirgv3lr76uf0jlxaa86p4fxps", "fields": {"session_data": ".eJyrVkpOLCpRsqpWSs4vLSpOLQYya3WUUisSc-MRIkoWSlaGOkqWYNIYSNbW1gIAQ8gSTA:1mRzJp:1Tx66qroprGuhL26zasdq2Sp9CVWrR3KEcg618t5ZPE", "expire_date": "2021-10-03T16:05:29.324Z"}}, {"model": "sessions.session", "pk": "gquzcyetix2z3cbspfayzu8jnzf2fo2u", "fields": {"session_data": ".eJxVjMsOgyAURP_lro0BLWhZdt9vIBe4VPqQBjSxMfx7NWnSdjeZc2ZW0DhPg54zJR0cKOBQ_XYG7Y3GHbgrjpdY2zhOKZh6V-oPzfU5OrqfPu7fwYB52NY9s9Yxc-A9us5L6g1nrRFeoBGuwY6ktxI9eck75E1rmGS9NQ0J1rZSiP00U84hjpqWZ0gvUKwCi2kCtYKNc9rwFksFtOBDfxs4guKllDc7T07k:1mSHM0:Ft0_u6SDuL53IiyN64gPF1pxnSr_1fP0HdMj65seFE0", "expire_date": "2021-10-04T11:20:56.339Z"}}, {"model": "sessions.session", "pk": "h29q7dbgg5wg5frvgfyx7jn0z88yf5l3", "fields": {"session_data": ".eJxVjsEOgyAMht-lZ2NAFNHb9iKkFBbJnC6AiYvx3YeLB3drv7_92g00LmnQS3RBews91FBcmUF6uukIcBwPXCLRvEyp_M2ccSxvuXNT8oTJz9P93PpTDRiH7GlZIxS3hqu67phQjbSyUx2nBxFZ5MIyKVGwztiqMsKiQWFIqsY2bd22dEijizGf0W59-_CBnhVAGBL0G-TnQo5zuRfgVnzpC9n3LzW3Uck:1mYFez:HcTqQN8EjGaLHNrdhwHYOId1ivyURjZl4orxqBqPBTU", "expire_date": "2021-10-20T22:45:13.311Z"}}, {"model": "sessions.session", "pk": "hi0pyu70w6rspnfgeieia7m1inc9wbic", "fields": {"session_data": ".eJxVjMsOgyAURP_lro0BLUhcdt9vIBe4VPqQBjSxMfx7NTFpu5vMOTMraJynQc-Zkg4OeuBQ_XYG7Z3GHbgbjtdY2zhOKZh6V-qD5voSHT3Oh_t3MGAetrVi1jpmTlyh67wkZThrjfACjXANdiS9lejJS94hb1rDJFPWNCRY20oh9tNMOYc4alpeIb2hZxVYTBP0K9g4pw1vsVRACz71twEFPS-lfAA7SE7j:1mSRrZ:oEJm0NoUARSY6MkeqcD9ufK1b6bsVSyQ3_zHpyGcttc", "expire_date": "2021-10-04T22:34:13.475Z"}}, {"model": "sessions.session", "pk": "ia8hcv41vlstx3ni2xb31652r0fkfe9g", "fields": {"session_data": ".eJyrVkpOLCpRsqpWSs4vLSpOLQYya3WUUisSc-MRIkpGSlZGtbW1AH8nECU:1mRyva:pTxrZQbDcwJ6PHmTvtfL3uzCiqkSVurS00YFqnSNpEc", "expire_date": "2021-10-03T15:40:26.517Z"}}, {"model": "sessions.session", "pk": "ipej9zxlgbuhipc9k0y01qatm9ncgks2", "fields": {"session_data": ".eJxVjMsOgyAURP_lro0BLUhcdt9vIBe4VPqQBjSxMf57JXFhd5NzZmYFjfM06DlT0sFBDxyqMzNonzQW4R443mNt4zilYOpSqQ-b61t09Loe3b-DAfOwrxWz1jFz4Qpd5yUpw1lrhBdohGuwI-mtRE9e8g550xommbKmIcHaVgpRTjPlHOKoafmE9IWeVWAxTdCvYOOcdl1iAz3fKqAF3_qEVcHb9gOx10_E:1mU5dt:mmgd-UblMjG_TV-XItXmZcOT0OavQcoN5rCX0PiRGQM", "expire_date": "2021-10-09T11:14:53.882Z"}}, {"model": "sessions.session", "pk": "khw3b9ka7dn1medbc6h9kd7h6ns2ytk3", "fields": {"session_data": ".eJxVjMsOgyAURP_lro0BLUhcdt9vIBe4VPqQBjSxMfx7NTFpu5vMOTMraJynQc-Zkg4OeuBQ_XYG7Z3GHbgbjtdY2zhOKZh6V-qD5voSHT3Oh_t3MGAetrVi1jpmTlyh67wkZThrjfACjXANdiS9lejJS94hb1rDJFPWNCRY20oh9tNMOYc4alpeIb2hZxVYTBP0K9g4pw1vsVRACz71twHOoOellA-JP08M:1mS3nG:424uldUO0BnEdwXayRl2vqgvo2N_5mNFgD_ig9CMHvg", "expire_date": "2021-10-03T20:52:10.026Z"}}, {"model": "sessions.session", "pk": "l685tavcqsn8e2eht7bxjw7xcdjmxd80", "fields": {"session_data": ".eJyrVkpOLCpRsqpWSs4vLSpOLQYya3WUUisSc-MRIkpGSlaGtbW1AH8jECQ:1mRz31:H0907iexSeqA_WZJ6-p3PMIeTjORoi7ktXH5krzybo4", "expire_date": "2021-10-03T15:48:07.556Z"}}, {"model": "sessions.session", "pk": "nk51w99pkdt4srtgsxqqgadmcub3lzyx", "fields": {"session_data": "eyJjYXJ0Ijp7IjMiOjF9fQ:1mReeJ:SnVtfch0pU_QNdJ3VfVnAIL1l-uKu91zMR1GIwfWim4", "expire_date": "2021-10-02T18:01:15.999Z"}}, {"model": "sessions.session", "pk": "oa7d46extpdr238q4m105gk2a4mef7q4", "fields": {"session_data": "eyJjYXJ0Ijp7IjQiOjF9fQ:1mRebX:rXJJwtjlIEf5vLPLwcT0-8vMKo6r1Xeyew8T1Lc6kF8", "expire_date": "2021-10-02T17:58:23.179Z"}}, {"model": "sessions.session", "pk": "qpgjqxfmc1l9kcky7v3aw27knia1w7n2", "fields": {"session_data": ".eJxVjMEOwiAQBf9lz00DRWjTo3e_gSywWLSCgdJojP-uNcbE68x78wC0NtW46JVy8IGcpguGGcZY57n52VoowwgCGtBYl-kDdHBvxv-ZQXumuAl3wnhMrU1xycG026T92tIekqN5_93-BSYs0_s9MGsdMzs-oOu9osFwJoz0Eo10HfakvFXoySveI--EYYoN1nQkmRBKyi1aqJSQoqbbNeQ7jKyBgivpEH2CccmVni8-e1c8:1mVKqU:zOyNCdzfkU2HTEOra4vDJM9JDhl2jAr5-cvZ1Qtvpf4", "expire_date": "2021-10-12T21:41:02.888Z"}}, {"model": "sessions.session", "pk": "roy3isdg78agjmx0xutcbjennfkmc44z", "fields": {"session_data": ".eJyrVkpOLCpRsqpWSs4vLSpOLQYya3WUUisSc-MRIkqGSlaGOkpGQLK2thYA3dARMA:1mRzAt:Cfs6o98XnC-PElE23xC3n2WF-vS9KQ70rYIeYOoZF6I", "expire_date": "2021-10-03T15:56:15.796Z"}}, {"model": "sessions.session", "pk": "t5gez3j5626y23umaqu3v4pqgfyhk1bh", "fields": {"session_data": ".eJxVjMsOwiAQRf-FtSHDQx5duvcbyACjRQ2Y0iYa479rky50e8-558UCLvMYlk5TKJkNTADb_Y4R05XqSvIF67nx1Oo8lchXhW-082PLdDts7l9gxD5-30aBzNopY7TyYCWgt1LkCEkgJpGEQ4ORskfyVu-FiKSkdtZlPBnwZo126r20GuhxL9OTDfD-AHwDPqE:1mZdBW:ZHvql4fFSE66mlKJu2WV6vOR4LTyq6pEfSbjs4pZLMo", "expire_date": "2021-10-24T18:04:30.603Z"}}, {"model": "sessions.session", "pk": "tlxjlcgrsh7edipab0dulbnmr2arj43n", "fields": {"session_data": ".eJxVjDsOgzAQRO-yNUIYA8aU6XMGa1mvg_PBkQ0SEeLuAYki6Ubz3swKBudpMHPiaLyFDgRkv12P9ODxAPaO4y3kFMYp-j4_lPykKb8Gy8_L6f4dDJiGfV1YZbUVQouaGtdXzknRyJZ0aVt0CllU5BqWml1VqxJRk1RNWSBKXVFbHKeJU_JhNLy8ffxAV2RAGCfoVqAwxx3vccuAF3yZn2bbvpLiTcA:1mYV3O:DB1Q9_NS09hwwtAHDFgskotcCSSWoBMNTMz-BPMtQto", "expire_date": "2021-10-21T15:11:26.225Z"}}, {"model": "sessions.session", "pk": "vp9fckocp2b6ljjxdg552s16okilqzce", "fields": {"session_data": ".eJxVjMsOgyAURP_lro0BLUhcdt9vIBe4VPqQBjSxMfx7NTFpu5vMOTMraJynQc-Zkg4OeuBQ_XYG7Z3GHbgbjtdY2zhOKZh6V-qD5voSHT3Oh_t3MGAetrVi1jpmTlyh67wkZThrjfACjXANdiS9lejJS94hb1rDJFPWNCRY20oh9tNMOYc4alpeIb2hZxVYTBP0K9g4pw1vsVRACz71twEFPS-lfAA7SE7j:1mSKVI:xxdKt288_TzydSR6Bkv6bqCaM37ufck-qNALdhOHhRs", "expire_date": "2021-10-04T14:42:44.726Z"}}, {"model": "sessions.session", "pk": "w9u88n99ms5hxjhn7gh8zj85jzggtesq", "fields": {"session_data": ".eJyrVkpOLCpRsqpWSs4vLSpOLQYya3WUUisSc-MRIkoWSlZGOkqGBkpWhjpKZkCytrYWAFUoEng:1mRzCj:aLbIM9oEml3k3OXHxLGlHGpKaWHn8x-AJ3fza1VjRPc", "expire_date": "2021-10-03T15:58:09.811Z"}}, {"model": "sessions.session", "pk": "x84jcya5ecfklrlljtwjwq1fzt9rdnjn", "fields": {"session_data": ".eJxVjMsKwyAURP_FdRAf1UiW3fcb5F69Nn1F0AQKwX9vAoG2u-GcmVmZh2Ue_VKp-FtkA5Os-2UI4UHTLuIdpmvmIU9zuSHfK_ywlV9ypOf56P4djFDHbe1ECFHgSTqIfbLkUAqNJhlAExX0ZFOwkChZ2YNUGoUVLqAiI7S2xmynAcrMhpWFvJRKdY-KDVK1jtEbXv7LW2sfd3NH0g:1mTRqE:PEc7F8VRhRfZeO1e7wp3jZh38FQOBqt-dAxkBgg1DcQ", "expire_date": "2021-10-07T16:44:58.322Z"}}, {"model": "sessions.session", "pk": "xah0kyplg7yuk1spf5rbzzkeanji5je2", "fields": {"session_data": ".eJyrVkpOLCpRsqpWSs4vLSpOLQYya3WUUisSc-MRIkpmSlaGtbW1AH8_ECg:1mRzIs:4aO8wIEGWuJjbeUhoY6ZtgANBl-Ch9GC7wS1V0WKHHM", "expire_date": "2021-10-03T16:04:30.413Z"}}, {"model": "sessions.session", "pk": "xb9f69sj3bdizshd6l29zgecjjb6mt69", "fields": {"session_data": ".eJxVjMsOgyAURP_lro0BLUhcdt9vIBe4VPqQBjSxMfx7NTFpu5vMOTMraJynQc-Zkg4OeuBQ_XYG7Z3GHbgbjtdY2zhOKZh6V-qD5voSHT3Oh_t3MGAetrVi1jpmTlyh67wkZThrjfACjXANdiS9lejJS94hb1rDJFPWNCRY20oh9tNMOYc4alpeIb2hZxVYTBP0K9g4pw1vsVRACz71twEFfVNK-QA7TE7k:1mSzva:uQRNzDrG0ljCuEk5LXvQm6r0bqU-nI3usKg9BQvIRQA", "expire_date": "2021-10-06T10:56:38.810Z"}}, {"model": "sessions.session", "pk": "y1833xhx31sud8ongc0zibbj5i0cc4ti", "fields": {"session_data": ".eJxVjMsOgyAURP_lro0BLUhcdt9vIBe4VPqQBjSxMf57JXFhd5NzZmYFjfM06DlT0sFBDxyqMzNonzQW4R443mNt4zilYOpSqQ-b61t09Loe3b-DAfOwrxWz1jFz4Qpd5yUpw1lrhBdohGuwI-mtRE9e8g550xommbKmIcHaVgpRTjPlHOKoafmE9IWeVWAxTdCvYOOcdl1iAz3fKqAF3_qEVcHb9gOx10_E:1mSmFI:klKXI3Y5X2a73QpA_pIuEqEr8HkB1WyPxZHTawYNOiA", "expire_date": "2021-10-05T20:20:04.776Z"}}, {"model": "sessions.session", "pk": "y23q29ewsb8993zulo6zrfthunux6yg1", "fields": {"session_data": "e30:1mTsbR:UqqwWhhP1ntMbPGhfyAPfWBNdLBt7ab-qn492w-XmLA", "expire_date": "2021-10-08T21:19:29.492Z"}}, {"model": "sessions.session", "pk": "y4an6ej94jv36ilvx1h3rubyrpcqgt2t", "fields": {"session_data": "eyJjYXJ0Ijp7IjciOjF9fQ:1mReYQ:kx4cNW03C8VS2I9Tljd6TMDg_s2qj7s7F5asgxsz6OQ", "expire_date": "2021-10-02T17:55:10.031Z"}}, {"model": "sessions.session", "pk": "z41b6cwudh7gzn4uyfeyy5wxrdy0vhqk", "fields": {"session_data": ".eJyrVkpOLCpRsqpWSs4vLSpOLQYxzZSsDHWUjIBkrY5SakVibjySpCVIuLYWAAubEh0:1mSgvD:CfqqgvtHDEDFohecDhuFM9tBfjG8qaHlB_3ypjB6rn8", "expire_date": "2021-10-05T14:38:59.109Z"}}, {"model": "sessions.session", "pk": "zffwf1n4qx7nix3qnkmxzhgv3bw7721u", "fields": {"session_data": ".eJyrVkpOLCpRsqpWSs4vLSpOLQYya3WUUisSc-MRIkqmSlaGtbW1AH84ECc:1mRz0g:q3OKdexKnyL2kDWaKJEQgwg3zuDHpIg0uc2j-ZN2oKQ", "expire_date": "2021-10-03T15:45:42.183Z"}}, {"model": "sites.site", "pk": 1, "fields": {"domain": "example.com", "name": "example.com"}}, {"model": "account.emailaddress", "pk": 1, "fields": {"user": 1, "email": "a.malone1289@gmail.com", "verified": true, "primary": true}}, {"model": "account.emailaddress", "pk": 2, "fields": {"user": 3, "email": "test@test.com", "verified": true, "primary": true}}, {"model": "account.emailaddress", "pk": 3, "fields": {"user": 4, "email": "terzisegne@vusra.com", "verified": true, "primary": true}}, {"model": "account.emailaddress", "pk": 4, "fields": {"user": 5, "email": "testing@testing.com", "verified": true, "primary": true}}, {"model": "account.emailaddress", "pk": 5, "fields": {"user": 6, "email": "aideenmalonedev@gmail.com", "verified": true, "primary": true}}, {"model": "account.emailaddress", "pk": 6, "fields": {"user": 7, "email": "sean@sean.com", "verified": true, "primary": true}}, {"model": "account.emailaddress", "pk": 7, "fields": {"user": 8, "email": "cultevokni@vusra.com", "verified": true, "primary": true}}, {"model": "account.emailaddress", "pk": 8, "fields": {"user": 9, "email": "dahib19129@mxgsby.com", "verified": true, "primary": true}}, {"model": "account.emailaddress", "pk": 9, "fields": {"user": 10, "email": "sesasoh568@ncdainfo.com", "verified": true, "primary": true}}, {"model": "account.emailaddress", "pk": 10, "fields": {"user": 11, "email": "dakomi4718@nubenews.com", "verified": true, "primary": true}}, {"model": "courses.course", "pk": 1, "fields": {"name": "Classes for Teenagers", "description": "Testing", "price": "100.00", "image": "teenagers.jpg", "image_url": "https://unsplash.com/photos/8nHQx4zi9Wk", "start_date": "01-01-2021", "end_date": "31-12-2021", "hours": "50"}}, {"model": "courses.course", "pk": 2, "fields": {"name": "Classes for Children", "description": "Lorem Ipsum is simply dummy text of the printing and typesetting industry. Lorem Ipsum has been the industry's standard dummy text ever since the 1500s, when an unknown printer took a galley of type and scrambled it to make a type specimen book. It has survived not only five centuries, but also the leap into electronic typesetting, remaining essentially unchanged. It was popularised in the 1960s with the release of Letraset sheets containing Lorem Ipsum passages, and more recently with desktop publishing software like Aldus PageMaker including versions of Lorem Ipsum.", "price": "100.00", "image": "children.jpg", "image_url": "https://unsplash.com/photos/o_lLsdVTxak", "start_date": "01-01-2021", "end_date": "31-12-2021", "hours": "50"}}, {"model": "courses.course", "pk": 3, "fields": {"name": "Classes for Adults", "description": "Lorem Ipsum is simply dummy text of the printing and typesetting industry. Lorem Ipsum has been the industry's standard dummy text ever since the 1500s, when an unknown printer took a galley of type and scrambled it to make a type specimen book. It has survived not only five centuries, but also the leap into electronic typesetting, remaining essentially unchanged. It was popularised in the 1960s with the release of Letraset sheets containing Lorem Ipsum passages, and more recently with desktop publishing software like Aldus PageMaker including versions of Lorem Ipsum.", "price": "100.00", "image": "adults.jpg", "image_url": "https://unsplash.com/photos/XkKCui44iM0", "start_date": "01-01-2021", "end_date": "31-12-2021", "hours": "50"}}, {"model": "courses.course", "pk": 4, "fields": {"name": "Classes for Businesses", "description": "Lorem Ipsum is simply dummy text of the printing and typesetting industry. Lorem Ipsum has been the industry's standard dummy text ever since the 1500s, when an unknown printer took a galley of type and scrambled it to make a type specimen book. It has survived not only five centuries, but also the leap into electronic typesetting, remaining essentially unchanged. It was popularised in the 1960s with the release of Letraset sheets containing Lorem Ipsum passages, and more recently with desktop publishing software like Aldus PageMaker including versions of Lorem Ipsum.", "price": "100.00", "image": "business-class.jpg", "image_url": "https://unsplash.com/photos/FDV1BaKNKEo", "start_date": "01-01-2021", "end_date": "31-12-2021", "hours": "50"}}, {"model": "courses.course", "pk": 5, "fields": {"name": "Summer Camps", "description": "Lorem Ipsum is simply dummy text of the printing and typesetting industry. Lorem Ipsum has been the industry's standard dummy text ever since the 1500s, when an unknown printer took a galley of type and scrambled it to make a type specimen book. It has survived not only five centuries, but also the leap into electronic typesetting, remaining essentially unchanged. It was popularised in the 1960s with the release of Letraset sheets containing Lorem Ipsum passages, and more recently with desktop publishing software like Aldus PageMaker including versions of Lorem Ipsum.", "price": "100.00", "image": "summer-camp.jpg", "image_url": "https://www.pexels.com/photo/man-people-woman-weather-8033897/", "start_date": "01-01-2021", "end_date": "31-12-2021", "hours": "50"}}, {"model": "courses.course", "pk": 6, "fields": {"name": "Intensive Courses", "description": "Lorem Ipsum is simply dummy text of the printing and typesetting industry. Lorem Ipsum has been the industry's standard dummy text ever since the 1500s, when an unknown printer took a galley of type and scrambled it to make a type specimen book. It has survived not only five centuries, but also the leap into electronic typesetting, remaining essentially unchanged. It was popularised in the 1960s with the release of Letraset sheets containing Lorem Ipsum passages, and more recently with desktop publishing software like Aldus PageMaker including versions of Lorem Ipsum.", "price": "100.00", "image": "intensive-courses.jpg", "image_url": "https://pixabay.com/photos/girl-english-dictionary-read-2771936/", "start_date": "01-01-2021", "end_date": "31-12-2021", "hours": "50"}}, {"model": "exam_courses.examcourse", "pk": 7, "fields": {"name": "KET", "required_level": "A1 (Elementary)", "certification_awarded": "A2 (Pre-Intermediate)", "description": "Lorem Ipsum is simply dummy text of the printing and typesetting industry. Lorem Ipsum has been the industry's standard dummy text ever since the 1500s, when an unknown printer took a galley of type and scrambled it to make a type specimen book. It has survived not only five centuries, but also the leap into electronic typesetting, remaining essentially unchanged. It was popularised in the 1960s with the release of Letraset sheets containing Lorem Ipsum passages, and more recently with desktop publishing software like Aldus PageMaker including versions of Lorem Ipsum.", "price": "100.00", "image": "questions_x10R79m.jpg", "image_url": "https://pixabay.com/illustrations/ask-writing-who-what-how-why-2245264/", "start_date": "01-01-2021", "end_date": "31-12-2021", "hours": "50"}}, {"model": "exam_courses.examcourse", "pk": 8, "fields": {"name": "PET", "required_level": "A2 (Pre-Intermediate)", "certification_awarded": "B1 (Intermediate)", "description": "Test", "price": "100.00", "image": "questions_giI4kAH.jpg", "image_url": "https://pixabay.com/illustrations/ask-writing-who-what-how-why-2245264/", "start_date": "01-01-2021", "end_date": "31-12-2021", "hours": "50"}}, {"model": "exam_courses.examcourse", "pk": 9, "fields": {"name": "FCE", "required_level": "B1 (Intermediate)", "certification_awarded": "B2 (Upper Intermediate)", "description": "Lorem Ipsum is simply dummy text of the printing and typesetting industry. Lorem Ipsum has been the industry's standard dummy text ever since the 1500s, when an unknown printer took a galley of type and scrambled it to make a type specimen book. It has survived not only five centuries, but also the leap into electronic typesetting, remaining essentially unchanged. It was popularised in the 1960s with the release of Letraset sheets containing Lorem Ipsum passages, and more recently with desktop publishing software like Aldus PageMaker including versions of Lorem Ipsum.", "price": "100.00", "image": "questions_7PPqaf2.jpg", "image_url": "https://pixabay.com/illustrations/ask-writing-who-what-how-why-2245264/", "start_date": "01-01-2021", "end_date": "31-12-2021", "hours": "50"}}, {"model": "exam_courses.examcourse", "pk": 10, "fields": {"name": "CAE", "required_level": "B2 (Upper Intermediate)", "certification_awarded": "C1 (Advanced)", "description": "Lorem Ipsum is simply dummy text of the printing and typesetting industry. Lorem Ipsum has been the industry's standard dummy text ever since the 1500s, when an unknown printer took a galley of type and scrambled it to make a type specimen book. It has survived not only five centuries, but also the leap into electronic typesetting, remaining essentially unchanged. It was popularised in the 1960s with the release of Letraset sheets containing Lorem Ipsum passages, and more recently with desktop publishing software like Aldus PageMaker including versions of Lorem Ipsum.", "price": "100.00", "image": "questions_XR3zCfH.jpg", "image_url": "https://pixabay.com/illustrations/ask-writing-who-what-how-why-2245264/", "start_date": "01-01-2021", "end_date": "31-12-2021", "hours": "50"}}, {"model": "exam_courses.examcourse", "pk": 11, "fields": {"name": "CPE", "required_level": "C1 (Advanced)", "certification_awarded": "C2 (Proficient)", "description": "Lorem Ipsum is simply dummy text of the printing and typesetting industry. Lorem Ipsum has been the industry's standard dummy text ever since the 1500s, when an unknown printer took a galley of type and scrambled it to make a type specimen book. It has survived not only five centuries, but also the leap into electronic typesetting, remaining essentially unchanged. It was popularised in the 1960s with the release of Letraset sheets containing Lorem Ipsum passages, and more recently with desktop publishing software like Aldus PageMaker including versions of Lorem Ipsum.", "price": "100.00", "image": "questions_TqXuWVG.jpg", "image_url": "https://pixabay.com/illustrations/ask-writing-who-what-how-why-2245264/", "start_date": "01-01-2021", "end_date": "31-12-2021", "hours": "50"}}, {"model": "exam_courses.examcourse", "pk": 13, "fields": {"name": "IELTS", "required_level": "All Levels Accepted", "certification_awarded": "Certification based on grade achieved", "description": "Test", "price": "100.00", "image": "questions_H7aBjku.jpg", "image_url": null, "start_date": "01-01-2021", "end_date": "31-12-2021", "hours": "50"}}, {"model": "checkout.order", "pk": 175, "fields": {"order_number": "E7E26BB896464418975FC3E8D338475D", "user_profile": 1, "full_name": "Aideen Malone", "email": "a.malone1289@gmail.com", "phone_number": "12345", "postcode": "42424", "town_or_city": "Galway", "street_address1": "Galway", "street_address2": null, "date": "2021-10-05T22:25:56.591Z", "order_total": "200.00", "original_cart": "{\"courses\": {}, \"exam_courses\": {\"8\": 1}}", "stripe_pid": "pi_3JhM4uGhtM7L4fxB0Z6cXrzO"}}, {"model": "checkout.order", "pk": 176, "fields": {"order_number": "ECAF83FFECCD40D6A85170B971E657CA", "user_profile": 1, "full_name": "Aideen Malone", "email": "a.malone1289@gmail.com", "phone_number": "12345", "postcode": "42424", "town_or_city": "Galway", "street_address1": "Galway", "street_address2": "", "date": "2021-10-05T22:26:02.279Z", "order_total": "100.00", "original_cart": "{\"courses\": {}, \"exam_courses\": {\"8\": 1}}", "stripe_pid": "pi_3JhM4uGhtM7L4fxB0Z6cXrzO"}}, {"model": "checkout.order", "pk": 177, "fields": {"order_number": "8955911F274E4EDE8967092F10F3B46D", "user_profile": 1, "full_name": "Aideen Malone", "email": "a.malone1289@gmail.com", "phone_number": "12345", "postcode": "42424", "town_or_city": "Galway", "street_address1": "Galway", "street_address2": "", "date": "2021-10-05T22:57:22.268Z", "order_total": "100.00", "original_cart": "{\"courses\": {}, \"exam_courses\": {\"8\": 1}}", "stripe_pid": "pi_3JhLbfGhtM7L4fxB1ycqkSnP"}}, {"model": "checkout.order", "pk": 178, "fields": {"order_number": "4919DC4D08A14F7D98A1C6F6929C0000", "user_profile": 1, "full_name": "Aideen Malone", "email": "a.malone1289@gmail.com", "phone_number": "12345", "postcode": null, "town_or_city": "Galway", "street_address1": "Galway", "street_address2": null, "date": "2021-10-06T11:29:29.881Z", "order_total": "600.00", "original_cart": "{\"courses\": {\"2\": 1}, \"exam_courses\": {\"7\": 2}}", "stripe_pid": "pi_3JhYJAGhtM7L4fxB1AQ7L8HQ"}}, {"model": "checkout.order", "pk": 179, "fields": {"order_number": "5CAA93DA00F34A7DB2BB7355C67D7F77", "user_profile": 1, "full_name": "Aideen Malone", "email": "a.malone1289@gmail.com", "phone_number": "12345", "postcode": "42424", "town_or_city": "Galway", "street_address1": "Galway", "street_address2": "", "date": "2021-10-06T11:29:36.422Z", "order_total": "300.00", "original_cart": "{\"courses\": {\"2\": 1}, \"exam_courses\": {\"7\": 2}}", "stripe_pid": "pi_3JhYJAGhtM7L4fxB1AQ7L8HQ"}}, {"model": "checkout.order", "pk": 182, "fields": {"order_number": "310F5B0EE57845A986FED56F2BCA29CE", "user_profile": 1, "full_name": "Aideen Malone", "email": "a.malone1289@gmail.com", "phone_number": "12345", "postcode": "42424", "town_or_city": "Galway", "street_address1": "Galway", "street_address2": null, "date": "2021-10-06T14:55:12.500Z", "order_total": "200.00", "original_cart": "{\"courses\": {}, \"exam_courses\": {\"9\": 1}}", "stripe_pid": "pi_3JhbWEGhtM7L4fxB0CzICFsV"}}, {"model": "checkout.order", "pk": 183, "fields": {"order_number": "43A7C0B83A2B45A7B1B852FE513A6F76", "user_profile": 1, "full_name": "Aideen Malone", "email": "a.malone1289@gmail.com", "phone_number": "12345", "postcode": "42424", "town_or_city": "Galway", "street_address1": "Galway", "street_address2": "", "date": "2021-10-06T14:55:18.187Z", "order_total": "100.00", "original_cart": "{\"courses\": {}, \"exam_courses\": {\"9\": 1}}", "stripe_pid": "pi_3JhbWEGhtM7L4fxB0CzICFsV"}}, {"model": "checkout.order", "pk": 184, "fields": {"order_number": "60E01B1B4B3548C99A2B2F6CA9A56608", "user_profile": 1, "full_name": "Aideen Malone", "email": "a.malone1289@gmail.com", "phone_number": "12345", "postcode": "42424", "town_or_city": "Galway", "street_address1": "Galway", "street_address2": null, "date": "2021-10-06T15:01:39.623Z", "order_total": "200.00", "original_cart": "{\"courses\": {\"6\": 1}, \"exam_courses\": {}}", "stripe_pid": "pi_3JhbcUGhtM7L4fxB1JZrYIv8"}}, {"model": "checkout.order", "pk": 185, "fields": {"order_number": "07F433A93E1548E89FD27890A55268AF", "user_profile": 1, "full_name": "Aideen Malone", "email": "a.malone1289@gmail.com", "phone_number": "12345", "postcode": "42424", "town_or_city": "Galway", "street_address1": "Galway", "street_address2": "", "date": "2021-10-06T15:01:45.337Z", "order_total": "100.00", "original_cart": "{\"courses\": {\"6\": 1}, \"exam_courses\": {}}", "stripe_pid": "pi_3JhbcUGhtM7L4fxB1JZrYIv8"}}, {"model": "checkout.order", "pk": 186, "fields": {"order_number": "56129EC74ABD4E62BEFF601D81BF0E39", "user_profile": 1, "full_name": "Aideen Malone", "email": "a.malone1289@gmail.com", "phone_number": "12345", "postcode": "42424", "town_or_city": "Galway", "street_address1": "Galway", "street_address2": null, "date": "2021-10-06T15:12:20.288Z", "order_total": "200.00", "original_cart": "{\"courses\": {\"2\": 1}, \"exam_courses\": {}}", "stripe_pid": "pi_3JhbmqGhtM7L4fxB1GkHvrcm"}}, {"model": "checkout.order", "pk": 187, "fields": {"order_number": "7197D8B99817432CA00AB349BDE18CF5", "user_profile": 1, "full_name": "Aideen Malone", "email": "a.malone1289@gmail.com", "phone_number": "12345", "postcode": "42424", "town_or_city": "Galway", "street_address1": "Galway", "street_address2": "", "date": "2021-10-06T15:12:25.886Z", "order_total": "100.00", "original_cart": "{\"courses\": {\"2\": 1}, \"exam_courses\": {}}", "stripe_pid": "pi_3JhbmqGhtM7L4fxB1GkHvrcm"}}, {"model": "checkout.order", "pk": 190, "fields": {"order_number": "27ED3D365D394C42AB7008CFF545A4DA", "user_profile": 1, "full_name": "Aideen Malone", "email": "a.malone1289@gmail.com", "phone_number": "12345", "postcode": "42424", "town_or_city": "Galway", "street_address1": "Galway", "street_address2": null, "date": "2021-10-06T16:26:38.260Z", "order_total": "200.00", "original_cart": "{\"courses\": {}, \"exam_courses\": {\"8\": 1}}", "stripe_pid": "pi_3JhcwgGhtM7L4fxB1ZrcrnqZ"}}, {"model": "checkout.order", "pk": 192, "fields": {"order_number": "28010B5822DA4F4C929F5B1BD744B536", "user_profile": 1, "full_name": "Aideen Malone", "email": "a.malone1289@gmail.com", "phone_number": "12345", "postcode": "42424", "town_or_city": "Galway", "street_address1": "Galway", "street_address2": "", "date": "2021-10-06T17:25:47.086Z", "order_total": "100.00", "original_cart": "{\"courses\": {}, \"exam_courses\": {\"8\": 1}}", "stripe_pid": "pi_3JhcwgGhtM7L4fxB1ZrcrnqZ"}}, {"model": "checkout.orderlineitem", "pk": 121, "fields": {"order": 175, "course": null, "exam_course": 8, "quantity": 1, "lineitem_total": "100.00"}}, {"model": "checkout.orderlineitem", "pk": 122, "fields": {"order": 175, "course": null, "exam_course": 8, "quantity": 1, "lineitem_total": "100.00"}}, {"model": "checkout.orderlineitem", "pk": 123, "fields": {"order": 176, "course": null, "exam_course": 8, "quantity": 1, "lineitem_total": "100.00"}}, {"model": "checkout.orderlineitem", "pk": 124, "fields": {"order": 177, "course": null, "exam_course": 8, "quantity": 1, "lineitem_total": "100.00"}}, {"model": "checkout.orderlineitem", "pk": 125, "fields": {"order": 178, "course": 2, "exam_course": null, "quantity": 1, "lineitem_total": "100.00"}}, {"model": "checkout.orderlineitem", "pk": 126, "fields": {"order": 178, "course": null, "exam_course": 7, "quantity": 2, "lineitem_total": "200.00"}}, {"model": "checkout.orderlineitem", "pk": 127, "fields": {"order": 178, "course": 2, "exam_course": null, "quantity": 1, "lineitem_total": "100.00"}}, {"model": "checkout.orderlineitem", "pk": 128, "fields": {"order": 178, "course": null, "exam_course": 7, "quantity": 2, "lineitem_total": "200.00"}}, {"model": "checkout.orderlineitem", "pk": 129, "fields": {"order": 179, "course": 2, "exam_course": null, "quantity": 1, "lineitem_total": "100.00"}}, {"model": "checkout.orderlineitem", "pk": 130, "fields": {"order": 179, "course": null, "exam_course": 7, "quantity": 2, "lineitem_total": "200.00"}}, {"model": "checkout.orderlineitem", "pk": 131, "fields": {"order": 182, "course": null, "exam_course": 9, "quantity": 1, "lineitem_total": "100.00"}}, {"model": "checkout.orderlineitem", "pk": 132, "fields": {"order": 182, "course": null, "exam_course": 9, "quantity": 1, "lineitem_total": "100.00"}}, {"model": "checkout.orderlineitem", "pk": 133, "fields": {"order": 183, "course": null, "exam_course": 9, "quantity": 1, "lineitem_total": "100.00"}}, {"model": "checkout.orderlineitem", "pk": 134, "fields": {"order": 184, "course": 6, "exam_course": null, "quantity": 1, "lineitem_total": "100.00"}}, {"model": "checkout.orderlineitem", "pk": 135, "fields": {"order": 184, "course": 6, "exam_course": null, "quantity": 1, "lineitem_total": "100.00"}}, {"model": "checkout.orderlineitem", "pk": 136, "fields": {"order": 185, "course": 6, "exam_course": null, "quantity": 1, "lineitem_total": "100.00"}}, {"model": "checkout.orderlineitem", "pk": 137, "fields": {"order": 186, "course": 2, "exam_course": null, "quantity": 1, "lineitem_total": "100.00"}}, {"model": "checkout.orderlineitem", "pk": 138, "fields": {"order": 186, "course": 2, "exam_course": null, "quantity": 1, "lineitem_total": "100.00"}}, {"model": "checkout.orderlineitem", "pk": 139, "fields": {"order": 187, "course": 2, "exam_course": null, "quantity": 1, "lineitem_total": "100.00"}}, {"model": "checkout.orderlineitem", "pk": 140, "fields": {"order": 190, "course": null, "exam_course": 8, "quantity": 1, "lineitem_total": "100.00"}}, {"model": "checkout.orderlineitem", "pk": 141, "fields": {"order": 190, "course": null, "exam_course": 8, "quantity": 1, "lineitem_total": "100.00"}}, {"model": "checkout.orderlineitem", "pk": 142, "fields": {"order": 192, "course": null, "exam_course": 8, "quantity": 1, "lineitem_total": "100.00"}}, {"model": "profiles.userprofile", "pk": 1, "fields": {"user": 1, "default_phone_number": "12345", "default_postcode": "42424", "default_town_or_city": "Galway", "default_street_address1": "Galway", "default_street_address2": ""}}, {"model": "profiles.userprofile", "pk": 2, "fields": {"user": 3, "default_phone_number": null, "default_postcode": null, "default_town_or_city": null, "default_street_address1": null, "default_street_address2": null}}, {"model": "profiles.userprofile", "pk": 3, "fields": {"user": 4, "default_phone_number": null, "default_postcode": null, "default_town_or_city": null, "default_street_address1": null, "default_street_address2": null}}, {"model": "profiles.userprofile", "pk": 4, "fields": {"user": 5, "default_phone_number": null, "default_postcode": null, "default_town_or_city": null, "default_street_address1": null, "default_street_address2": null}}, {"model": "profiles.userprofile", "pk": 5, "fields": {"user": 6, "default_phone_number": null, "default_postcode": null, "default_town_or_city": null, "default_street_address1": null, "default_street_address2": null}}, {"model": "profiles.userprofile", "pk": 6, "fields": {"user": 7, "default_phone_number": null, "default_postcode": null, "default_town_or_city": null, "default_street_address1": null, "default_street_address2": null}}, {"model": "profiles.userprofile", "pk": 7, "fields": {"user": 8, "default_phone_number": null, "default_postcode": null, "default_town_or_city": null, "default_street_address1": null, "default_street_address2": null}}, {"model": "profiles.userprofile", "pk": 8, "fields": {"user": 9, "default_phone_number": null, "default_postcode": null, "default_town_or_city": null, "default_street_address1": null, "default_street_address2": null}}, {"model": "profiles.userprofile", "pk": 9, "fields": {"user": 10, "default_phone_number": "67891", "default_postcode": null, "default_town_or_city": "Oranmor", "default_street_address1": "Oranmor", "default_street_address2": null}}, {"model": "profiles.userprofile", "pk": 10, "fields": {"user": 11, "default_phone_number": null, "default_postcode": null, "default_town_or_city": null, "default_street_address1": null, "default_street_address2": null}}, {"model": "reviews.review", "pk": 1, "fields": {"title": "Great School", "comments": "Lorem Ipsum is simply dummy text of the printing and typesetting industry. Lorem Ipsum has been the industry's standard dummy text ever since the 1500s, when an unknown printer took a galley of type and scrambled it to make a type specimen book. It has survived not only five centuries, but also the leap into electronic typesetting, remaining essentially unchanged. It was popularised in the 1960s with the release of Letraset sheets containing Lorem Ipsum passages, and more recently with desktop publishing software like Aldus PageMaker including versions of Lorem Ipsum.", "creator": 1, "date_created": "2021-10-07T22:09:53Z"}}, {"model": "reviews.review", "pk": 2, "fields": {"title": "test", "comments": "test", "creator": null, "date_created": "2021-10-09T15:54:01.849Z"}}, {"model": "reviews.review", "pk": 3, "fields": {"title": "sdasda", "comments": "asdasd", "creator": null, "date_created": "2021-10-09T15:54:18.631Z"}}, {"model": "reviews.review", "pk": 4, "fields": {"title": "test", "comments": "test", "creator": null, "date_created": "2021-10-09T16:07:41.654Z"}}, {"model": "reviews.review", "pk": 5, "fields": {"title": "test", "comments": "test", "creator": null, "date_created": "2021-10-09T16:07:53.684Z"}}, {"model": "reviews.review", "pk": 6, "fields": {"title": "test", "comments": "test", "creator": null, "date_created": "2021-10-09T16:11:29.411Z"}}, {"model": "reviews.review", "pk": 7, "fields": {"title": "ofowie0", "comments": "jdojfoeiw", "creator": 1, "date_created": "2021-10-10T09:29:15.193Z"}}, {"model": "reviews.review", "pk": 8, "fields": {"title": "sdijo", "comments": "wheiudh", "creator": 1, "date_created": "2021-10-10T13:09:47.088Z"}}, {"model": "reviews.review", "pk": 11, "fields": {"title": "eriho3fup34", "comments": "fojerokrop", "creator": 9, "date_created": "2021-10-10T18:03:58.281Z"}}, {"model": "reviews.review", "pk": 12, "fields": {"title": "jeorgj3r", "comments": "jofjoer", "creator": 9, "date_created": "2021-10-10T18:04:30.458Z"}}]